Year,Month,BCC-CSM2-MR_mm,CHIRPS_mm,EC-Earth3_mm,FGOALS-g3_mm,GFDL-CM4_mm,GFDL-ESM4_mm,MIROC-ES2L_mm,MIROC6_mm,MRI-ESM2-0_mm,NESM3_mm,Scenario,TaiESM1_mm
1981,1,2.928796637,4.017526546,12.74160219,2.271902241,1.581220765,3.689427547,1.931136874,10.35697801,20.25568455,9.582087738,historical,0.550930162
1981,2,0.2719958,0.925507481,1.066249552,0.012629692,10.78127513,9.829684612,0.038370525,1.529472197,26.70325213,0.104048746,historical,0.79822081
1981,3,2.118753514,22.67287344,0.148229055,0.079623854,4.070589085,10.21450305,6.678617015,1.393328822,3.499785713,7.743842819,historical,0.004262317
1981,4,66.051508,29.83949941,22.4294158,12.44695433,0.757202205,9.315429566,4.241080085,3.368457867,1.448859038,1.562707435,historical,0.007522092
1981,5,1.174805608,30.95143548,5.385520228,6.67821593,5.44109621,1.808741851,4.524765564,2.162045741,27.37082469,21.08551478,historical,0.354098807
1981,6,2.993632486,18.45586633,10.15863366,22.16646192,21.11371481,29.4343043,40.71620447,5.814393665,20.22844315,21.53736544,historical,13.18775872
1981,7,22.8344499,108.2434281,162.5142561,85.79934872,51.64192644,106.555862,4.958783178,69.70483805,74.59152671,83.14722517,historical,167.6745124
1981,8,51.78542363,149.0721201,33.92273168,21.03126565,47.54207115,92.37969064,45.12895761,51.40607945,87.11153086,24.90983236,historical,165.0489645
1981,9,25.97336888,35.98461489,23.85732192,45.83363605,7.14789956,8.904712272,29.46434013,86.03132357,28.44100189,25.77155995,historical,61.9332675
1981,10,0.168585659,16.92708648,38.32618201,2.512360497,5.184418392,49.00074063,1.607251686,0.099528044,0,15.56694352,historical,0.069047328
1981,11,0.020281956,11.57990424,20.68432693,25.97480956,65.72528907,1.710737529,1.672409398,5.459438579,10.21435251,11.85614049,historical,6.04E-04
1981,12,6.348896084,1.466774986,22.43255285,4.664280801,6.300582584,25.47356921,1.123799785,1.538025792,8.811979008,13.86217641,historical,0.004920705
1982,1,2.364032255,4.902842615,13.31907692,7.227815568,4.166341026,5.626227786,1.212151355,0.143628535,3.741076302,14.82354761,historical,0.151416294
1982,2,8.934368355,3.246232623,0.249873034,0,0.93816939,5.866184223,0.00753061,0.011685401,0.293682235,0.766935176,historical,0.050354166
1982,3,0.471343023,9.446726923,1.894943514,0.12043299,1.650889494,0.537206854,0.28005026,2.929998121,12.56791093,0.892534048,historical,0.408276545
1982,4,12.15880283,29.9575006,1.826395736,1.920599335,25.79630014,29.56650333,3.484955705,0.954651762,26.37834926,44.3895743,historical,4.474958503
1982,5,4.364127919,29.18428381,10.23494916,3.02141335,2.300503632,3.422395881,3.914430312,23.93447362,67.68879908,3.327153158,historical,8.48045883
1982,6,14.12171763,16.21863622,10.24573434,20.01091582,85.71828993,27.22429538,16.20112564,8.092034953,41.91492525,6.280838785,historical,13.86476726
1982,7,43.51132165,77.93809283,94.8960511,46.10321975,50.41995042,90.90267384,24.82664058,42.77321885,31.68193983,40.47166843,historical,27.70568239
1982,8,13.74664902,91.85563949,62.72404046,59.10076538,22.73603854,25.70513207,70.44605339,21.55928754,13.51891186,125.3112186,historical,44.17677414
1982,9,58.20214167,18.67311081,7.028169179,31.8890532,3.377060225,7.45200041,17.44774575,71.7647245,6.668543781,57.46084261,historical,9.922157114
1982,10,1.365327448,40.05690011,11.73097085,1.606873816,11.31938651,0.153538245,0.343612395,38.38444031,0.791303503,0.780532551,historical,0.399270422
1982,11,14.32797853,7.744274596,3.908666851,15.94898864,1.055762842,2.809995964,16.48404716,0.502349777,4.89604322,5.971781808,historical,0.693042268
1982,12,2.570342521,2.987878134,3.544799013,28.86723383,4.303349384,11.14231338,1.074739051,1.885444306,3.988716676,8.236283904,historical,2.796617897
1983,1,9.161171532,5.034976767,10.50346322,1.059479858,3.092878759,13.26381442,1.36700644,11.96835804,19.32528631,3.571591681,historical,3.022964555
1983,2,0.738169813,1.078808062,2.497536678,0,5.059536202,1.894198866,0.468248649,6.261624685,7.980016849,3.871416057,historical,0.086676822
1983,3,3.074281527,4.814428264,0.145367448,0.728274288,0.585670685,2.557539143,4.021655908,0.941293795,1.460078963,13.52644239,historical,0.156375305
1983,4,19.46194936,12.28869431,2.684340133,3.257417894,6.218397686,0.653222592,5.136839607,2.406995651,0.804663923,2.620834166,historical,17.11349869
1983,5,25.63781374,43.24817766,24.13761744,3.309650852,26.43069768,31.47548262,4.210062033,49.06877038,29.44804625,95.17328975,historical,23.76345302
1983,6,26.81661517,31.38623547,5.362641701,8.685186541,70.69886733,83.86654261,10.16962595,8.498836124,7.79178126,40.16991818,historical,15.91140965
1983,7,44.69086377,54.23758125,11.52089431,81.18227451,60.50543307,89.68178372,83.33905214,7.556868556,2.856527094,28.5725143,historical,12.40872934
1983,8,59.37861631,77.34016238,20.24944924,153.3980959,33.93230144,96.40126571,108.9540192,11.99474895,22.09410643,7.23461301,historical,20.52050289
1983,9,5.09648083,30.65849091,10.14462209,32.53622567,14.51526539,6.539759728,60.8096117,3.513987614,4.136642884,55.25954729,historical,18.22417879
1983,10,0.013780322,7.979882049,8.342512295,0.671826951,22.78834235,54.41822079,0.027261462,10.97851071,0.006783277,20.15580148,historical,50.66570654
1983,11,4.905120449,7.408229455,9.881712141,2.395064374,5.314238614,4.175907732,6.977902643,4.775546082,2.197081438,13.94970141,historical,42.05502892
1983,12,24.6330419,2.347628644,9.223305128,4.70695711,4.180949451,32.97836129,6.375728449,8.246495337,2.384597693,7.349808483,historical,3.369412817
1984,1,4.302167911,5.018059154,8.725537577,0,18.4449057,34.93576304,7.566729155,3.278290239,4.878339521,16.06988344,historical,7.815013415
1984,2,3.636675782,0.535425355,2.886371076,0,1.302119345,3.309688366,0,1.055370754,0.058104713,0.019023636,historical,38.1384018
1984,3,10.79354063,10.24292586,0.340127618,4.334629989,0.078267753,10.06896058,8.44E-04,6.435563837,6.375714556,0.146919742,historical,4.383410157
1984,4,11.06218946,22.51956464,1.808690609,2.345813249,0.740742313,4.929230804,0.040381921,14.37277437,0.776254103,14.90301994,historical,34.65566677
1984,5,37.86651067,10.63629318,1.069508311,2.75337298,27.86877331,41.82551495,3.242526972,4.815159417,2.370631608,29.00061342,historical,1.915040744
1984,6,56.67480903,19.9739315,2.448105914,17.114993,18.89692192,12.4137916,26.43095818,2.251290466,8.592188234,17.33189225,historical,44.27026948
1984,7,49.79346177,54.36503883,4.153198825,94.95964977,54.45611968,40.4402152,14.5347084,137.279366,15.93095483,14.58971238,historical,52.43937642
1984,8,91.44906428,44.91074541,35.67634277,149.3610239,59.00273447,80.79399042,73.93168585,78.35833518,43.19696001,11.78711949,historical,63.64326021
1984,9,5.159792685,34.7754478,9.183195466,21.76348148,13.96503912,21.29754245,10.28456094,15.74873651,98.92402775,16.71620681,historical,26.59506022
1984,10,14.28225964,8.579559697,6.575031542,0.819468984,1.222105714,0.010278123,0.782562525,1.420552381,51.17691853,25.43569344,historical,0.606017243
1984,11,22.06485904,5.49675231,0.022569405,0.273565298,29.03493179,6.22875119,0.244277363,2.092371466,26.29338554,20.85509043,historical,2.324240669
1984,12,9.524116002,4.581535242,4.127595406,6.337936564,2.758584634,2.876169553,14.90733753,30.98697295,20.20903906,8.281644449,historical,0.590341181
1985,1,16.54269723,4.807284106,7.071101398,0.558134778,13.3857995,8.852072703,2.647639596,0.973568358,18.94126695,16.91814716,historical,0.340047637
1985,2,0.103377493,1.142615163,0.00162319,0,0.485779577,0.285464026,0.020278705,0.004868189,1.439087486,0.834384389,historical,0.276970435
1985,3,0.136625416,11.03466752,3.583611922,2.846253155,0.704901525,8.15265684,0.049338906,3.001396675,0.829387881,26.34993823,historical,0.001634879
1985,4,1.018644262,33.09524945,14.08836089,1.236442315,9.140564235,16.57587766,1.701851025,25.53700946,5.988134466,0.061719996,historical,0.483439633
1985,5,1.645114212,48.01629681,5.464183789,19.09163123,10.31956055,7.82645318,6.204586281,1.811303415,17.58479472,41.41939567,historical,0.209209985
1985,6,23.02973071,38.59139598,11.26585971,32.26234138,37.00625384,72.82824227,18.44869897,20.26854453,14.65116575,26.76277441,historical,5.113550463
1985,7,80.21322787,61.25260486,43.80969728,35.80661819,275.1888617,46.80592043,121.6937461,49.50483582,77.14603807,152.7736636,historical,77.31989044
1985,8,72.16614647,89.5817079,7.12836768,48.94513343,60.1481309,121.4756182,127.6489898,58.62764343,30.81396797,159.8775783,historical,26.17353856
1985,9,22.37942707,24.165122,6.276245053,27.89774896,77.29621197,30.66791173,7.733723194,9.113189453,3.433196032,37.74278923,historical,7.761953373
1985,10,4.165585311,5.085772071,4.665439137,27.23302296,1.015587762,5.260267637,1.47319207,1.678975701,29.95457809,1.816438521,historical,0.903983025
1985,11,33.0936799,17.82662015,0.001938992,9.515657594,0.017731728,1.150091473,0.123111485,65.10867548,27.77065693,7.681948563,historical,0.029045305
1985,12,0.959653677,3.629663859,9.609891072,24.08436004,29.38293309,10.4614013,1.008407136,1.775736046,6.206471084,4.374274199,historical,0.080435673
1986,1,0.075494764,5.125532293,20.15802067,9.379327343,29.34838624,5.588943509,16.1546728,0.597277999,0.756381516,1.552363479,historical,1.757205873
1986,2,0.568228258,1.472713792,1.618860414,1.42E-04,3.297204341,6.832574537,0,0.019007688,5.95495002,0.028429631,historical,0.069751284
1986,3,0.311279666,8.852070564,0.23075247,0.460673004,1.381125687,1.539301139,0.588198916,0.005619389,0.483057282,0.070703105,historical,0.023095006
1986,4,0.643584526,18.94877302,16.25426311,0.44024997,0.865504185,2.30451893,0.082077069,2.86329245,6.102257775,0.591665397,historical,5.037738821
1986,5,5.30658003,16.3360012,1.268905792,9.124547245,39.09176205,25.68236323,0.59055683,16.47182087,31.5358554,20.77673972,historical,14.01374562
1986,6,58.09005536,35.93433372,0.970026282,10.67031023,13.41996273,42.14292282,2.1357901,29.70254984,26.23912777,79.34542917,historical,34.04666193
1986,7,84.25423281,115.3231506,48.69737897,70.01245944,23.20524132,81.32824677,19.82775142,23.34456834,46.60756098,18.13290959,historical,158.6030717
1986,8,107.9613501,58.51219396,79.09156482,65.51430046,83.3742996,44.74077637,19.54025631,48.02677222,66.83234769,7.043884761,historical,107.6747641
1986,9,27.16091197,44.32271909,6.179203708,31.05367757,14.34201535,6.254485383,38.2727972,2.102637143,133.7966534,5.772643791,historical,22.436605
1986,10,17.16670386,21.59207135,8.260181278,5.236960001,6.21913802,0.218000606,0.534075312,2.333034193,2.876719402,1.997630067,historical,0.093377342
1986,11,1.060251024,6.880568535,1.991768301,5.975263466,7.794550318,8.498500693,0.057758205,0.096063424,1.257821212,0.381817036,historical,1.456780388
1986,12,0.37799167,3.250142316,4.435924557,7.803322326,3.358093597,1.803781311,0.549740941,2.317290311,2.174294008,10.42452903,historical,8.271112518
1987,1,1.230428182,6.84531751,5.80296574,2.173348946,2.415142616,8.401764673,0.41394358,1.503461048,4.150225601,0.188593191,historical,0.018021161
1987,2,1.511317161,1.339320686,4.16668731,0.013318545,3.31736214,0.457840092,0,1.734792322,0.601969925,0.045356683,historical,39.47496417
1987,3,1.909829447,6.294007857,1.514775284,0.808231839,0.367445406,0.015026371,0.014931788,1.27089304,0.022682499,0.173379573,historical,0.299958159
1987,4,26.1739932,12.74796739,5.252145958,0.653422846,38.77214105,42.60843127,2.999367581,12.40799476,1.885563943,5.602941709,historical,4.138303569
1987,5,4.221167572,71.82019556,11.64261899,8.459569772,21.59847596,4.144364386,4.879450052,19.40302392,5.116346074,0.240872274,historical,3.516898885
1987,6,19.11398696,23.82463402,5.119968747,5.430948214,14.57927743,25.80607762,16.2043511,1.592546517,5.406433956,6.163409169,historical,28.12453548
1987,7,23.17831428,40.83109591,66.54329163,132.4090807,32.10394425,57.70159027,42.5121163,32.36686364,94.5190094,139.7158493,historical,120.3961642
1987,8,36.73404167,141.4623375,41.93972311,102.3525557,131.3505808,75.35741484,107.8100915,66.70927851,167.2847651,2.633612629,historical,25.0416778
1987,9,16.97439982,13.0258695,6.213492698,11.23571043,7.310376523,11.30626844,4.972554452,15.57626765,24.54070622,33.36673817,historical,52.50199517
1987,10,3.683953747,31.61711639,0.004551683,0.173141335,6.52E-04,0.010774454,0.047470581,0.279272752,27.0254563,0.384006468,historical,9.920424928
1987,11,19.06850694,4.639468006,24.91939982,0.074840617,1.24541942,3.276921248,2.034885969,3.328372068,20.13703375,9.386309878,historical,1.996776012
1987,12,4.604387747,3.261581371,0.319347343,0.589375481,36.62194472,5.731199739,11.20439379,0.187590284,5.661507808,2.487932886,historical,40.75153964
1988,1,7.110852484,5.075309766,1.743748913,4.78785893,0.546148969,2.284828625,1.96025735,9.559436481,4.686747996,9.534837873,historical,12.62046071
1988,2,1.518424604,1.676541145,0.445796496,9.72E-04,0.005473142,16.02210176,0.007980677,0.021928224,0.363863502,0.52009937,historical,1.104293338
1988,3,13.76424065,4.346919558,0.383838251,0.111008804,0.141106031,0.002678094,0.325674145,2.75654124,15.34678989,0.993215225,historical,4.505508573
1988,4,2.900250512,14.48381148,0.63300924,2.786052759,5.232782215,0.887427167,2.874767226,26.30358138,9.078406559,12.37716641,historical,11.43364265
1988,5,10.53302962,13.51705954,20.39872528,8.7481197,8.61484552,2.465494151,0.015838664,2.941418734,0.989804353,1.192285874,historical,15.58982212
1988,6,8.808335157,19.24281392,15.34445584,14.62502163,20.48531619,14.26285386,5.324197706,7.102422325,16.20081818,23.97469308,historical,4.206219583
1988,7,31.41402386,109.5633423,32.65310252,138.4176494,45.54497062,29.71647009,76.94905795,35.70395384,115.0622584,47.32292447,historical,96.07380509
1988,8,48.04733971,172.8237854,27.13594838,50.05920119,242.7457407,22.17337039,22.7742764,89.67086125,77.66146789,26.96217634,historical,123.2724201
1988,9,66.25550859,32.07542566,10.2879034,8.09546162,4.228321519,3.769321037,22.93222275,7.447228383,11.34820613,4.429053128,historical,9.654751396
1988,10,14.96883965,22.80094859,1.866899272,1.393224743,3.94600452,1.267228774,11.17218025,25.72276858,4.200125243,6.564360536,historical,1.697383128
1988,11,16.12978446,8.786639414,1.105606046,3.270351044,10.99970746,0.638129429,2.349088978,11.00761382,0.127043616,15.1672372,historical,7.270656712
1988,12,2.506117571,2.278575135,1.144047025,7.421963433,0.309416499,0.027806883,1.124308524,0.954351453,7.131419593,23.12313109,historical,0.329774423
1989,1,0.641407651,6.710083049,11.61443036,1.875615692,23.77337918,2.104045626,6.437187505,2.546535303,4.078652722,2.621024447,historical,1.937633364
1989,2,0.036642876,2.975008936,7.310546302,0.025122089,1.930172561,0.236948581,0.177968669,2.132641609,0.806779502,1.465420711,historical,0.319175724
1989,3,0.246513537,7.893343911,8.068616705,2.455795045,0.256717816,4.267060435,3.02938336,1.56061649,5.211595569,1.533272833,historical,2.039068117
1989,4,1.542034355,22.18078753,41.89509021,19.18655524,5.631488273,1.828211354,12.26754145,6.652983051,4.238639169,8.157191803,historical,4.323697226
1989,5,14.42535546,14.58295333,7.002300442,6.309519157,50.64585633,2.469233634,10.57374737,4.380210706,2.64537857,5.193427333,historical,27.79655891
1989,6,12.56787938,29.69106502,28.01065318,29.02806653,9.789848392,1.559847792,14.89677328,9.087967435,8.636929181,21.54428798,historical,18.3322629
1989,7,98.68502264,57.33039093,52.66606401,75.46496213,33.70284125,73.03252468,67.23449337,49.39921828,5.191488223,11.41714462,historical,15.47441075
1989,8,161.2447446,80.71291459,44.5104724,41.66432171,96.65202524,37.5114807,59.81283352,98.14084735,90.33965151,128.875125,historical,76.87792431
1989,9,28.43133024,29.98447437,10.13994856,73.51487325,31.67286374,6.741156818,55.32497938,9.997152742,43.82232211,37.41639628,historical,20.02730272
1989,10,0.031854358,24.16016874,29.5107848,0.279737808,3.071259105,7.717096512,0.00604239,0,2.29331453,8.365826892,historical,0.597023346
1989,11,11.34450353,6.844536033,0.253966303,4.526882962,3.001892302,45.97366455,0.193955272,20.82592371,22.40043969,4.295792205,historical,0.682800249
1989,12,27.81451393,5.010247982,8.097187809,37.82838589,7.105228831,18.43089832,1.80710715,34.87118793,9.606863292,29.48197175,historical,4.292011418
1990,1,2.376728184,6.112765073,8.21775723,6.385311673,2.386885258,5.85891748,30.22949415,1.01161995,13.01496874,15.41524064,historical,0.522200444
1990,2,6.516186476,1.42416959,2.422120307,0,4.155270225,4.009943617,0.002430876,0.050116926,0.043220064,1.531108531,historical,1.131791066
1990,3,0.356537733,12.06981033,4.968843098,0,0.278574282,0.344746041,7.631386643,0.220966999,0.679370278,7.269344994,historical,0.457257923
1990,4,10.60808783,13.72079038,6.487399438,1.318754002,4.91716092,2.019659801,12.09611775,4.868194326,1.757017794,3.420314353,historical,0.700389432
1990,5,22.27611384,9.439578698,19.9354738,37.03473747,19.64396708,14.34752619,2.125495406,18.78682992,12.25240638,1.541597305,historical,5.452490341
1990,6,33.26701903,11.08050812,64.4272352,35.03392951,77.79721338,45.71469933,8.22030246,20.95044333,3.698193171,20.50295577,historical,15.72218812
1990,7,135.4936813,60.48284794,37.27114538,50.21905952,11.39386366,55.2180277,13.9952541,79.87017751,36.40751597,12.61548998,historical,95.98477424
1990,8,110.016371,35.24393637,78.51663372,43.02678335,57.24407248,42.33437177,45.82928472,127.138471,83.42253577,53.54924116,historical,42.48634875
1990,9,36.75319493,23.68729577,0.32206137,27.52151224,28.83532672,35.34078803,5.29767175,19.84691531,11.70513704,17.05242112,historical,24.20217691
1990,10,2.349712629,7.114234342,5.878464357,0.81176479,3.288890608,3.146582027,0.48183275,0.610824536,7.642438818,1.001266678,historical,24.4542433
1990,11,19.50359533,4.094339898,2.63135229,6.497891314,4.248876178,5.624350476,24.95504634,0.423115204,1.125343751,6.603748826,historical,41.40378937
1990,12,3.941302413,2.495355772,2.888650797,2.0362845,4.298474314,5.833607805,1.396443459,0.096788031,5.159173608,2.861293692,historical,10.40723691
1991,1,7.63983801,4.858364061,3.188778179,3.625799518,7.5641621,2.50834305,5.357640804,1.287973276,3.029348427,53.8236076,historical,11.2477508
1991,2,0.105122557,0.824421755,1.509702083,0.019133509,2.182162218,0.207568253,0.186207968,5.120381448,6.66381861,0.466421382,historical,6.816669459
1991,3,0.079390475,5.341022118,1.346422743,18.48383416,7.240173243,5.400570407,0.145258194,0.41229713,0.20469314,0.859259053,historical,0.224786173
1991,4,14.52530948,29.89290808,4.168636247,3.512140319,1.930222962,7.70981455,4.622507742,5.55432543,11.41503876,1.031153236,historical,11.00807703
1991,5,8.237384934,18.36582925,14.59628076,6.639587559,6.6946838,2.495626071,2.305289323,29.54641875,3.320054481,2.887653472,historical,5.59542751
1991,6,2.965953364,22.4759448,24.67019534,14.3703417,89.70640658,8.118497278,64.15450513,67.94894466,19.57267637,27.05404036,historical,7.803150741
1991,7,262.0266635,49.46506708,259.4605444,74.73852098,56.0507849,50.51490037,20.04272637,20.21393831,88.94070348,97.55224201,historical,84.46684048
1991,8,31.00737838,59.38876424,58.13794681,24.70871381,74.57040783,60.4971701,37.03464853,67.82121085,23.80463514,177.1070757,historical,44.07233492
1991,9,5.707422019,12.26972753,8.155765926,19.99959934,16.55810368,3.486901958,12.79008027,22.12757467,8.289921207,105.7680274,historical,22.24640727
1991,10,1.37054684,18.0425474,6.452423634,9.297205353,7.525471752,0.66118139,0.04141091,0.22794289,2.081934716,0.362811615,historical,0.017688867
1991,11,3.566253526,6.30652668,1.932632044,6.007879757,10.55721621,5.21822407,0.373038247,3.72694697,0.113208247,0.009462202,historical,6.339550093
1991,12,7.215855779,3.212721763,1.99259959,22.48946507,7.105139978,2.291725896,1.317259888,7.471836884,5.743453284,0.856741166,historical,4.85E-04
1992,1,12.66932422,6.242440776,0.690150888,4.127961875,2.754707362,12.36019344,1.156524729,12.75814062,4.965040079,10.71118431,historical,2.876581673
1992,2,0.733621957,1.354111708,6.047342744,0,15.86186764,0.06955044,0.137320224,2.158384435,0.225536881,0.248021787,historical,0.301641372
1992,3,0.266415075,8.137915322,0.618208904,2.382839252,0.553054458,0.188467116,0.006746418,3.577589419,0.058274553,2.627892902,historical,0.199669153
1992,4,0.266588394,17.45413516,0.985655943,1.635827689,16.2033504,22.97807749,1.271166336,3.907538453,0.514609067,13.63316726,historical,0.043189045
1992,5,18.03958738,26.09317816,4.977919343,7.144023805,16.86220648,0.895056578,0.00142853,12.73381425,3.395445552,14.06120763,historical,0.314528392
1992,6,19.48415704,22.2202407,9.212575751,21.6828668,5.693598827,9.32632101,34.04702233,23.32254304,9.50910223,6.278180396,historical,11.5677033
1992,7,18.15039096,101.5673306,71.6880456,57.89368341,68.93513296,170.7586333,140.0067636,19.05870531,45.23123271,60.24915905,historical,67.25599245
1992,8,69.42271953,171.1966435,122.6806406,61.18585331,73.80161621,204.897233,34.79911481,36.65031873,82.65956582,208.990923,historical,82.94306706
1992,9,33.57437834,27.65615873,3.92344614,23.08601632,5.309306185,29.20533241,27.54740309,45.12066319,8.792492113,85.35241086,historical,22.12521859
1992,10,13.7110385,14.22915153,0.241250271,2.88696335,31.62806069,8.631779183,0.237970484,1.93685461,15.00690831,4.510533784,historical,1.497533458
1992,11,9.678914576,14.29269067,19.65142048,3.566965269,10.41046297,4.460951486,9.004142301,34.75586596,11.20484997,0.722717562,historical,0.410829502
1992,12,0.642852276,3.683117747,21.00365256,5.664382131,6.360086745,3.48473329,0.130273691,0.599643561,5.475368636,0.183808431,historical,4.527549314
1993,1,10.84429649,6.496924707,31.33258577,0.897221172,22.73345644,3.81392659,0.250182352,3.943854522,1.415343177,9.96627355,historical,8.265361668
1993,2,0.356890648,1.563090645,4.640863819,0,0.014125498,0.741833691,0,1.84934668,13.1040587,11.47800522,historical,0.176054023
1993,3,0.001425997,14.91339591,3.485936512,0.886261615,6.340771253,0.015815749,1.809509415,0.780491318,29.86461299,0.675422639,historical,1.08329275
1993,4,15.37584245,35.62550955,0.102640437,18.54139977,34.07129105,51.54667147,1.339156609,15.59242509,31.35951529,12.3581348,historical,25.49308231
1993,5,17.31552553,39.01260335,1.454341812,9.209638108,42.14069424,64.85984642,3.160648351,26.3864142,1.921201727,3.755549299,historical,2.721301261
1993,6,35.84366738,26.80668824,31.03360773,15.40220834,27.42738925,6.703171845,49.99591423,109.0756097,45.57025577,14.2640133,historical,17.85217627
1993,7,31.998381,74.33051289,76.21881494,63.38541596,20.49322702,58.84065985,16.98610475,25.59160005,150.5202734,29.72577361,historical,40.0537167
1993,8,38.26493462,90.34712612,96.48965119,136.6753408,146.7387919,78.03048917,149.5792734,17.99772193,74.83488234,126.940617,historical,47.44010339
1993,9,49.06011927,34.96643001,4.358500455,44.33267489,24.522561,16.40241955,11.56811875,8.917990899,9.251670803,0.790145148,historical,20.66175454
1993,10,7.791640155,17.05747989,17.59476759,2.964612137,8.553838101,2.959316354,5.74E-05,25.11740879,0.163737137,0.426832843,historical,0.429535873
1993,11,1.45822699,5.561822086,2.932808451,6.802715247,14.00486557,10.99469453,0.203881782,17.79288369,1.659592699,15.06578963,historical,13.99698527
1993,12,3.584664971,2.65591702,40.51812974,5.620439037,1.571483183,3.545457164,16.0383505,2.578977722,1.449190125,0.170157464,historical,62.27215819
1994,1,2.724850675,6.046736793,0.280129797,2.67882342,14.4969729,4.772051087,3.963635016,12.16679518,0.698764259,0.507064148,historical,51.53268202
1994,2,0.093889802,1.748660109,0.218924128,1.64E-04,0.510847369,0.309125061,0,19.41389599,1.206936439,1.748380385,historical,6.368480514
1994,3,7.238103714,6.662001199,1.153754405,0.011132077,0.244749052,12.67391376,0.954388579,0.08987588,0.184765637,1.333850403,historical,6.168877198
1994,4,5.273059382,21.38444313,17.50902582,4.419863237,24.29166317,0.152170918,2.608886184,1.370761581,1.946819252,0.133442469,historical,8.86071815
1994,5,12.28708094,34.69394373,14.50128552,2.013384097,16.62422671,18.66942429,4.713259229,3.130036915,9.777108316,2.364977379,historical,0.777838889
1994,6,15.83185799,17.55238129,20.39822515,15.13403539,3.420323924,33.91240796,16.14717175,7.619905529,59.46677812,13.74265552,historical,2.700713454
1994,7,44.25931409,109.6935138,62.33706233,67.00586484,19.33160559,145.3929606,32.08032857,105.639728,19.08181257,36.08746636,historical,8.802270826
1994,8,29.83860086,107.3134536,25.27273011,61.27091133,84.18280259,57.34312719,33.95614262,42.0514846,53.05446031,98.3420648,historical,45.86984469
1994,9,22.84360878,49.27049805,19.59976914,17.39515909,24.19486843,12.16335716,15.94897855,45.22612473,1.042217337,34.67873748,historical,13.03099738
1994,10,11.2904711,12.24991184,2.894244793,0.245338952,7.544970759,4.038886543,1.067998757,0.560296757,4.340805394,29.41217504,historical,22.89527035
1994,11,13.64092394,8.432938548,0.447853264,8.749693803,46.74229196,9.570953613,9.899841012,1.062642172,32.86540732,19.73738121,historical,84.42356138
1994,12,20.26450286,3.086826543,1.273628764,4.490263727,4.19852569,4.286117771,12.26585486,4.405310552,102.1157551,6.167192538,historical,4.807244821
1995,1,1.487291154,4.890666452,23.51927784,18.09500454,0.557090626,6.332512323,4.997614591,1.884930249,5.637375178,8.362917315,historical,1.304622535
1995,2,4.974711975,0.872802604,0.451582228,3.05E-04,0.554287608,9.041711561,0.131157434,0.003390486,1.548023447,4.186992518,historical,1.500190639
1995,3,8.048687879,7.504821538,1.285007087,2.49609854,0.070192408,0.012412281,0.82802129,1.195212403,1.90176098,0.294957933,historical,0.015789936
1995,4,6.55568402,36.52459953,6.850960694,6.06209104,3.229063135,19.41489811,20.30215582,0.325693177,5.030309292,7.396622153,historical,5.023388335
1995,5,3.251320152,35.53636277,4.409104592,6.518894489,7.877187682,1.226449418,8.506058744,47.6831633,0.581556744,2.284541386,historical,9.91663518
1995,6,5.392967151,15.60085279,73.94093204,2.938413823,17.07022401,10.30811906,28.20303358,1.675099479,39.48299961,6.993903453,historical,18.15036682
1995,7,412.0528951,134.9049769,105.3433833,111.8999461,85.28347212,171.6001928,94.48969602,221.5057212,15.29723577,45.36898425,historical,53.74488636
1995,8,25.06227284,103.8130131,106.9723691,17.6153914,32.8783513,88.30616774,77.00279692,95.88216068,24.18118896,224.2497125,historical,79.8305249
1995,9,49.7494377,49.17848916,13.34972461,37.13201638,51.6974717,63.79210742,4.469728123,93.11162262,6.894588605,3.315841139,historical,16.84781486
1995,10,3.026903135,6.232828901,10.2140111,0.711498528,0.209157697,1.457770203,1.198079251,1.661727796,8.476119622,1.773331233,historical,0.673937939
1995,11,0.775858939,4.310311808,8.536939569,3.320001099,2.747534233,18.07762614,3.024287133,49.94180031,6.533597811,0.107397625,historical,2.039801033
1995,12,1.626301569,3.806144726,4.192953558,13.98310159,5.56304392,18.28131078,0.508662165,7.825330637,0.674070898,1.89098822,historical,0.232277286
1996,1,0.148750461,5.3310014,18.94639847,11.00645771,11.02487982,36.9155112,2.222399863,23.0933428,0.130054997,4.822367427,historical,3.869749845
1996,2,0.784211063,1.063610662,1.065167468,0,0.107962718,2.051757979,0.023818666,7.991070255,1.20252647,4.032607497,historical,0.36117541
1996,3,12.85086871,10.30664699,3.984468937,0.64085786,1.415135719,0.090632158,0.680018062,0.88980168,0.181151732,3.660422329,historical,1.455032274
1996,4,4.158068558,27.63546105,1.505208432,8.968170548,0.258974555,6.34306756,11.24605542,0.29578286,5.888332276,68.90730688,historical,11.48486134
1996,5,34.77741965,45.03881395,2.226925288,3.240519836,18.05382017,6.239561066,20.66230416,13.21193661,1.092323923,22.68839885,historical,2.372591027
1996,6,28.18231015,36.73901045,7.247962335,10.35061354,44.22361855,31.74461416,27.27008426,18.35019271,15.20026728,13.08980536,historical,6.038382466
1996,7,77.2874168,55.91559967,29.21399302,72.31188329,51.6625935,40.50123871,69.51007142,50.50094033,36.81212185,169.9680875,historical,117.4159404
1996,8,85.86850489,79.22295372,65.38799682,90.00391768,23.98661522,46.93529892,64.61474357,82.599737,51.83053964,100.5455428,historical,66.72481619
1996,9,10.66326049,20.3873505,124.8734746,8.006855938,14.45951133,12.78215906,18.88194724,14.66207098,26.54787833,27.0319902,historical,9.61671649
1996,10,16.55945958,6.108329152,41.58372434,1.244634449,1.494539159,26.87418036,1.404784524,22.31575708,0.011107023,0.644298492,historical,8.332596831
1996,11,21.44622042,11.57872995,0.070484483,3.24538748,7.35680757,3.123019191,4.97142697,21.11346807,6.592985876,0.03046095,historical,2.428719304
1996,12,18.9447376,3.506718829,6.325784714,0.025757431,4.37854395,2.959710612,12.64866794,2.614637583,8.476932701,21.79100916,historical,0.868690422
1997,1,6.738087775,4.950791502,1.808354635,2.874454006,1.179044671,19.25764017,8.288694206,43.74274765,2.810509086,58.36024093,historical,8.218185775
1997,2,3.347793471,0.802680251,0.354994069,0.033151018,0.128343836,0.309469056,0.001692768,1.421879911,0.917171878,5.258563023,historical,3.918052218
1997,3,8.058527812,7.020089492,0.33499805,0.548231421,10.64793201,2.751785071,2.737498922,3.410703439,0.699483631,3.786634924,historical,2.522122099
1997,4,3.303706246,16.80904751,0.164308326,0.103544451,52.34321737,17.75037404,2.651080068,21.14837663,2.294773472,6.39288118,historical,5.88236369
1997,5,13.55851655,44.88286935,46.69094753,17.70230334,49.02395612,16.49941482,2.017257283,12.71899286,33.92424877,17.33647828,historical,0.55400264
1997,6,20.20059111,32.17830715,12.08204625,12.65900085,17.09825462,14.21966998,30.29593749,7.504180127,21.85304506,45.52889429,historical,12.6439711
1997,7,15.51995328,110.0272268,57.44801396,36.54035433,143.9740239,100.3666622,48.8812123,113.9727591,81.91257301,116.5247592,historical,37.75278549
1997,8,44.1248467,98.68856311,34.40507999,47.32138564,47.92640859,93.90471937,29.99233514,54.19909346,126.7928187,53.4342767,historical,56.76352662
1997,9,1.405352596,18.72280069,18.34279748,5.114446612,25.96201902,15.41754424,28.70458122,23.62879604,47.63289801,15.1344955,historical,7.233869704
1997,10,0.286119719,50.16781723,5.389055747,5.958057031,15.40359977,1.988262665,13.15547703,9.267658824,0.282224555,3.103292217,historical,10.69525834
1997,11,2.81204269,20.60522501,1.44955771,7.002531965,8.293415227,6.271128347,1.942439751,3.143178621,23.69859594,0.568890268,historical,24.87531701
1997,12,10.07530157,2.632536371,17.49056431,53.10327523,21.20625403,14.80239465,0.053052767,22.43118946,3.184159563,23.52235152,historical,3.58042143
1998,1,3.454152428,5.920587921,5.154414516,1.585481611,9.675732064,1.493955613,0.093451606,12.78061805,22.49504641,0.708065709,historical,0.04089559
1998,2,1.305941486,2.196672933,0.137098699,0.032997626,0.402747314,0.599260228,0,0.089318324,10.3104598,6.32786133,historical,1.036992678
1998,3,0.075079036,8.208788166,0.542497972,3.798450567,0.025367761,0.28794424,0,10.90923702,7.064412012,0.266338013,historical,0.949307219
1998,4,15.05648508,23.76956708,19.01272469,1.895728742,27.40557657,8.190132158,0.504627616,12.89717713,9.324505404,5.749346946,historical,1.333215382
1998,5,17.24585874,21.94880454,19.82170508,1.83441707,4.220755065,16.34631547,13.94860289,21.15699702,85.76067253,3.236582285,historical,8.300022321
1998,6,13.57303746,13.40324058,40.41825042,17.49817639,8.819259961,28.64184165,24.24709506,22.36578312,34.10532275,11.38094592,historical,30.71096211
1998,7,88.71525043,95.98080625,101.5917703,66.12008052,33.03429176,83.52785886,136.4668504,43.63713744,79.65102024,63.3605028,historical,137.1349798
1998,8,226.2246187,169.5648618,115.5723341,86.04080395,31.57758466,186.2983882,104.7368904,87.17924575,40.98299082,243.2351356,historical,150.2008652
1998,9,106.1415218,23.95564901,15.34615273,23.79213092,0.275092067,6.238398854,107.1096385,30.25961617,35.60464261,31.48389435,historical,22.70690094
1998,10,7.049901136,11.67397705,30.56965884,0.653174629,2.637124095,47.69981822,2.84661158,5.198883286,14.56950269,75.51303446,historical,0.291990887
1998,11,15.09396087,5.317976816,0.248991767,15.59078642,3.659611624,2.123825502,0.050066979,0.966889808,14.33186566,1.133723735,historical,21.38572933
1998,12,2.178876245,2.721841739,0.173766163,4.809507891,22.8846346,1.440992368,0.06302479,0.842036493,0.723938057,1.449138501,historical,12.72972258
1999,1,2.653550562,10.79777142,4.913065119,5.290019442,1.929879197,4.375611672,5.030023502,1.095138565,6.877479522,4.556511909,historical,4.54042777
1999,2,0.103816246,0.857014905,1.64582906,0.013546418,0.259958158,3.807223207,0.745467882,0.023832167,6.07E-04,4.229713852,historical,1.821053434
1999,3,8.501047354,4.817495327,0.400177118,0.002720337,0.323065292,0.008800144,0.020762208,0.172221417,0.253121232,1.595841823,historical,2.006902795
1999,4,23.79112339,23.57458893,2.459931261,14.64120641,16.99035042,28.05390253,4.616872932,3.192511393,3.716778555,0.916521061,historical,18.26590681
1999,5,3.237493558,18.15539817,1.739669865,5.506637093,42.82075046,28.80620821,15.04139001,2.709719879,17.55882751,7.359063509,historical,16.8050744
1999,6,54.91958385,26.5320441,2.339669982,10.71529873,16.37984855,5.277272428,15.22338597,130.5209602,8.609759035,17.50086173,historical,21.71003623
1999,7,56.20157666,115.5587744,21.99274366,80.269342,84.04300156,131.9005899,123.0408075,29.59865727,7.407769762,189.2282812,historical,19.35604538
1999,8,194.437096,114.42583,24.96960873,102.1110581,20.02051955,25.79745852,71.50027284,69.78706364,98.72085039,44.72486886,historical,44.45023838
1999,9,14.10424037,31.3995885,27.51413571,14.2574312,66.1521115,43.74995032,10.68403006,8.284587953,12.36515961,11.93965909,historical,10.90504843
1999,10,12.41937211,20.41965543,0.339890237,0.182931783,0.010162827,6.190351934,1.648957691,30.39734187,0.376988701,26.01386349,historical,0.514669496
1999,11,8.448820653,5.917160789,10.14839446,2.625225143,0.571560485,18.63394787,0.403364743,0.070405587,5.684730281,0.388071798,historical,11.75453701
1999,12,1.941605149,3.26445522,12.59239717,6.671281781,2.986332502,11.13948007,35.21373933,13.39792744,5.017150232,0.030064681,historical,1.659244608
2000,1,3.827607816,4.906958204,23.53683038,0.858087849,2.241979529,2.149048344,0.819358648,0.46260206,1.299290674,0.653122231,historical,2.864950824
2000,2,11.81107107,0.668210177,0.19656646,0.066673754,0.83067984,0.58197875,0.002216412,4.42E-05,22.26970987,0.306283964,historical,0.283297466
2000,3,3.33E-04,3.994021415,0.135285327,3.289950367,3.070513221,7.024719523,0.023348858,40.71028905,1.246785462,1.209341047,historical,0.799860338
2000,4,13.07275786,52.90768245,14.0100161,17.07809566,15.78917357,15.27893429,3.441317684,13.89708935,4.66984187,4.129485621,historical,1.218102536
2000,5,15.27616563,16.57901825,9.930488296,7.865322269,6.244323941,0.168678548,0.019209278,6.723889834,23.08504734,12.49277805,historical,6.329824907
2000,6,6.401886729,24.43876417,10.5771648,51.79704861,23.7080143,36.1058341,46.48857041,24.58602199,27.26254731,11.7921436,historical,19.8858264
2000,7,22.68242674,97.47651212,19.17982874,71.78464621,78.61227898,99.15087583,101.5543267,15.30372093,152.6480286,98.24431217,historical,63.80727424
2000,8,56.28581129,88.92728207,55.98245547,32.24844798,73.54422757,165.469057,55.43276185,125.5873635,60.8933644,75.57876071,historical,134.3339473
2000,9,28.46879549,35.88515505,4.115640756,26.36840087,3.23516038,27.05929282,1.068852422,33.917344,18.49890166,13.51321587,historical,18.45210672
2000,10,9.192835773,26.12556899,7.019723125,1.613471178,9.477544571,0,0.505604205,4.791762625,42.33894515,28.88575314,historical,0.130296521
2000,11,6.599337834,7.913020046,26.78254397,8.965944422,0.623323215,10.49796202,0.705143437,16.75825276,1.283038702,3.172251691,historical,0.040506154
2000,12,20.1086298,3.032000147,0.464804748,16.95346906,1.565203648,7.290501392,0.127257718,27.14878681,15.17022035,17.24498397,historical,7.87E-04
2001,1,5.057004129,4.887233966,2.121613991,7.970954723,0.029498983,22.21515493,6.257440361,34.50588423,11.65015743,45.59026198,historical,0.010985062
2001,2,1.74732814,1.611895673,0.00640087,0.007842687,0.540939084,1.401684494,0.123224366,0.649568428,3.463869707,0.571362275,historical,0.174074638
2001,3,3.156008913,7.018711273,0.484829562,0.237306041,0.010486732,1.230576305,0.020779943,17.81233663,0.271793026,0.831389056,historical,0.035390804
2001,4,17.47109077,18.09665166,1.034264542,0.500833361,10.92898823,4.727314713,0.171625962,39.37936476,2.914338146,36.380434,historical,0.005351728
2001,5,13.3233241,11.64518376,9.863941655,18.07933171,3.064943018,3.139710272,12.93241059,3.475770425,21.08201904,18.61008688,historical,0.440254598
2001,6,36.4806263,15.18882845,6.941190009,49.53212336,10.46926583,15.07457311,26.13241268,8.072113259,44.78227894,4.233592112,historical,51.03657546
2001,7,113.1543961,118.8161159,34.4979888,66.31528157,163.24388,26.0693632,165.523756,33.71303588,178.9236035,53.54387502,historical,192.1585331
2001,8,41.07000299,146.928645,86.81033559,102.1243157,9.796000239,81.56534401,78.73040888,108.9225098,40.05558453,155.3896535,historical,237.4955244
2001,9,6.263683328,19.72018514,11.11129929,24.85332156,10.03692203,40.1083998,41.37598051,38.81543469,35.51726886,4.228990328,historical,24.47438122
2001,10,0.998501032,18.76011886,3.939678854,0.322782428,0.359001016,99.61000599,2.405900897,0.924118746,27.02308885,0.760544831,historical,9.903891793
2001,11,0.210243945,5.115885132,53.50038329,0.529728669,4.182774802,1.092491441,1.417358728,2.102158692,0.335195358,28.35109543,historical,0.260264103
2001,12,14.21038294,2.656322887,12.84916575,1.51116998,20.37075413,10.88488666,0.364940306,0.586423593,6.149547584,55.22843134,historical,8.432357947
2002,1,0.19646906,5.010031077,3.113303105,1.658068144,12.3042975,4.071631089,0.211093647,4.069727322,1.787082638,2.03624951,historical,1.513098448
2002,2,4.596304832,0.815384735,5.906773788,0.001047565,1.097436943,0.438427632,0.723311716,3.13E-05,0.06489094,2.154857029,historical,0.112331617
2002,3,5.276471521,7.949257899,3.043157105,0.073373841,0.565501171,0.175106166,0.081496848,0,2.081827524,0.730027791,historical,0.518914967
2002,4,1.886883683,14.88744253,9.000485037,5.519155268,3.647733144,0.236558043,3.324105541,2.549119394,1.777703007,5.35184008,historical,24.40940417
2002,5,11.12443216,12.99989004,21.15666332,5.820685009,0.478835862,42.69094653,0.952667334,36.32533018,14.58621402,3.392413782,historical,6.511532849
2002,6,6.40783586,15.51386557,1.897703158,14.54233577,10.76962815,21.01994727,1.731148276,25.5509665,10.06337113,7.477662415,historical,8.789903871
2002,7,77.2065401,83.82853518,39.90428606,63.88383646,33.71228508,54.79449541,76.48091816,66.0081761,125.8731993,68.22756096,historical,117.3991096
2002,8,70.78035904,119.4561744,172.6540982,77.53440148,46.17854886,57.30597736,87.36231296,40.33677856,151.9053406,113.4108462,historical,134.8542332
2002,9,36.18360019,37.27073121,58.23353413,35.87767554,31.96226357,23.66140621,67.5461094,20.91760178,41.87623394,8.114602156,historical,61.21405779
2002,10,30.6601087,10.49557476,0.003244896,2.493802605,1.331145963,0.124345122,1.518990994,3.77677521,0.008845315,16.42389144,historical,5.679812712
2002,11,5.04376158,5.647543647,0.016963887,2.474775412,2.250989184,1.335186928,9.180826234,25.2900809,1.392422862,14.02108749,historical,0.594501239
2002,12,37.22984211,4.128251267,7.138921426,2.554141982,0.764887446,3.197727283,12.15633657,38.39910587,20.04310715,1.988852942,historical,0.001818179
2003,1,10.22994104,5.138828406,3.555846172,0.4853329,10.94780671,11.61981463,0.833338894,1.615284214,11.90226077,0.275930679,historical,0.196176187
2003,2,3.40E-07,1.750242472,1.263670263,9.14E-04,0.015241049,4.569462641,0,10.27968273,0,1.555453766,historical,0.089612277
2003,3,0.009367745,6.226296541,4.064759039,1.280380299,15.43496505,0.136922443,0.15275834,1.688375607,0.866410456,13.42668921,historical,0.094446704
2003,4,2.195736431,17.20974167,15.33948278,16.31837937,18.06459453,1.232658213,0.725133771,3.880862483,6.507877612,5.910944194,historical,0.366792104
2003,5,3.952031801,21.57341375,4.888550205,4.732930337,4.50264965,6.574269105,3.437637165,4.872139382,19.14723933,1.931414531,historical,1.239734849
2003,6,30.10012178,22.43913255,11.62706839,13.07364817,90.72800215,59.56960781,11.42786645,72.11197418,29.64241098,15.01953649,historical,8.209748337
2003,7,84.98153883,103.7407461,63.68793783,25.16098598,113.3847371,34.98557207,58.08483878,50.75120302,184.1262995,112.6269186,historical,99.09002025
2003,8,56.73148744,116.6588247,42.82832866,61.97281039,206.2326028,34.71964801,65.33963418,33.54232572,211.3527079,21.6529994,historical,70.32096254
2003,9,11.68511472,31.46086628,42.41317989,35.40438702,27.99698859,29.15617338,2.677103576,4.425104008,18.37301747,31.48695052,historical,20.0242127
2003,10,2.225785024,11.4650027,2.132171855,0.316969862,10.36928192,13.17645366,17.32110631,2.191309719,7.567035774,23.76066897,historical,10.18104727
2003,11,10.46201508,4.721130723,0,2.142993634,6.209710581,3.930888174,1.170633477,2.261874959,21.97825698,1.593830444,historical,6.338547789
2003,12,4.269758925,2.544299514,7.441531963,3.987258053,7.018490599,19.0651662,32.34856704,39.18938442,28.26707054,9.856584828,historical,3.020008979
2004,1,1.862982138,6.701420241,3.088178555,13.10426878,7.007117572,5.098974634,3.774186689,0.806975208,7.155874817,0.815805587,historical,20.85943799
2004,2,1.67E-05,1.340942716,1.755678415,0.802491983,0.352200843,5.117935137,0.034686513,20.41308675,0.114004059,0.012064208,historical,0.386381432
2004,3,9.201608876,5.368466862,0.625849282,2.276518778,20.75148399,0.136534737,4.99443983,1.590848001,0.072441702,0.131885216,historical,0.55872161
2004,4,4.545535991,23.22175993,2.787218162,9.628909502,2.258845909,0.547547315,7.910487961,3.786675628,10.40730831,1.444519324,historical,34.49646489
2004,5,13.04935207,7.580170735,10.3893467,5.632640978,1.942175605,10.34185961,2.539572762,15.44573794,17.47097794,4.687887113,historical,55.92968091
2004,6,35.38433435,32.8170025,11.93339963,2.967797539,21.4119826,4.609124422,64.10774119,21.03185606,11.75147788,12.59996732,historical,26.34780107
2004,7,59.20659985,79.35973415,309.5568572,52.23477628,57.12932042,74.86811579,163.3782214,67.83226136,6.607141216,88.66949389,historical,48.70120764
2004,8,101.3446064,92.72765901,231.8502729,37.51036835,43.06634865,60.76395548,49.2683633,59.33385743,153.7289264,50.65783463,historical,78.86930764
2004,9,49.26558632,22.19745854,17.46328939,10.15936462,19.15665714,17.1389689,6.042301983,19.16047366,28.01647959,4.722737084,historical,24.67885085
2004,10,8.591261038,16.52987057,4.493049498,1.819000302,78.70527302,4.636163215,1.031560074,51.75223095,22.57225941,0.287252598,historical,6.849140751
2004,11,8.769339211,5.846856244,14.13279628,6.12807458,4.50863535,3.231763154,2.061480271,0.76368781,0.005244858,6.908030236,historical,2.603371624
2004,12,7.180536805,2.49000056,3.257136429,1.3364644,79.34629254,5.877985973,0.324241094,0.329185376,10.36060857,8.338740676,historical,8.891126479
2005,1,11.05008255,5.032828125,3.097675946,3.850187698,10.65597483,8.246087459,0.502603022,34.28552064,8.19646354,20.07131251,historical,6.121467553
2005,2,46.76647013,0.88309859,3.763333035,0.035651936,2.234149061,6.199111134,0.012306069,10.35016028,3.286258062,0.045910935,historical,1.241602219
2005,3,0.520506061,9.31909216,1.760064551,0.108730638,3.83605054,0.122128954,1.787404087,2.496702784,1.022365269,1.127854584,historical,0.409171168
2005,4,2.349449608,26.70031136,10.29433406,0.012235816,6.384378132,37.22493399,2.622713731,16.92871243,0.385684391,0.6137257,historical,26.11340011
2005,5,0.543218513,28.74969801,55.56693374,4.65603761,1.006893115,9.763168593,5.501391623,16.12579609,32.1576221,31.44326178,historical,13.8674237
2005,6,9.119058613,23.85859524,36.8788384,16.1992196,9.411155866,8.628501028,15.4467094,6.443951894,17.50481516,21.38075057,historical,20.44119703
2005,7,31.02680739,86.62449982,162.4120175,29.27590661,56.64105635,12.0833707,14.56507881,190.7321246,177.8700118,34.99565921,historical,128.5168462
2005,8,75.9918908,126.1899652,30.87419638,102.9466931,120.4352436,45.58098594,79.5468903,70.63327874,124.8848504,38.58029597,historical,98.27228087
2005,9,46.09551121,33.58845849,27.80164865,28.32233073,13.76613142,9.35925131,32.26039987,44.38557392,6.509730668,12.01295087,historical,58.63983058
2005,10,0.008097157,4.514486074,0.473253354,1.919229615,36.09178116,3.369213706,0.019182941,7.606102684,12.95822546,1.858258095,historical,0.215603877
2005,11,13.09029458,4.944115856,6.918977331,3.001948674,8.279030615,1.497657351,0.003785764,15.90978277,3.375199581,25.29267227,historical,0.018106053
2005,12,15.08904485,2.193514495,5.590179987,0.587989601,6.111438594,1.748264781,1.01947245,2.740374644,3.104329517,6.082961633,historical,4.920932082
2006,1,2.331413979,4.654831213,5.282741294,1.350043727,1.192786708,10.93626472,0.050936111,2.639586935,5.377736612,0.009832471,historical,0.131323611
2006,2,0.043892487,0.78367917,2.334441928,0,2.856655272,1.149813217,0,21.37647342,1.195381548,0.468870674,historical,0.619949079
2006,3,3.377346732,6.665792131,3.155669939,4.45E-04,5.699353893,0.107985478,0,3.420604023,2.43679379,0.43181072,historical,0.019960148
2006,4,7.359282904,24.72998472,1.574216555,1.783507472,5.837692607,47.43145015,0.259269558,4.314890321,20.47511402,3.346195362,historical,0.959078539
2006,5,5.998210615,32.40568598,5.996871371,4.00019116,19.320483,0.53477668,15.09638303,10.46369712,2.300945633,10.14313175,historical,10.53611066
2006,6,14.51780357,15.89902103,10.98575527,13.08830711,17.82672163,15.72089276,18.85911197,30.93219787,60.00392136,40.65584915,historical,37.26138893
2006,7,36.63479769,80.30411088,44.73304074,75.12261389,93.92893061,6.465574586,123.5862882,69.92140501,49.1771779,38.47552354,historical,31.91034225
2006,8,87.94527175,120.1532118,92.29817006,46.75426943,13.12147738,139.6999346,46.36120803,260.9272311,29.68419745,115.8716517,historical,134.2194456
2006,9,16.60820631,56.64542455,19.93153849,1.771992284,20.10381986,21.91390237,39.23833097,81.32458209,13.60982453,22.06777918,historical,37.62709454
2006,10,7.870770659,15.7176002,3.311602873,0.391005725,32.62123843,1.581586332,0.256431059,11.76830057,0.022698473,4.12487653,historical,0.605705408
2006,11,29.74807974,5.554377634,32.25145448,2.758115391,1.66E-04,16.36019406,6.586078705,0.005182949,0.002136721,0.387937575,historical,0.82207893
2006,12,16.53847156,3.418926736,1.148922149,0.875026327,1.476387072,1.040103941,2.632908325,2.209769039,37.74039781,0.842257223,historical,3.327686607
2007,1,74.80420332,4.845776428,12.79030777,1.883934854,0.485569741,6.78315836,0.691046621,8.606153034,0.76081708,18.42463164,historical,0.584605661
2007,2,5.251982035,1.864504101,0.814067453,0,12.13681227,0.89813086,0.231679638,1.39E-04,1.523268787,5.238483812,historical,0.062615532
2007,3,12.27760748,5.638262698,1.478516316,0.885544428,0.950998993,0.035475452,2.789748631,0.018854923,0.370330189,0.067416034,historical,0.26323792
2007,4,3.330927837,20.77041821,7.380285798,9.979004444,4.055674541,19.58045915,3.679627321,0.246580231,7.764315375,0.045054953,historical,5.116533263
2007,5,16.54807186,13.09195066,13.8934721,0.489549225,15.38945681,2.564068248,0.29162248,21.00296093,5.955764395,14.17661401,historical,15.02913699
2007,6,32.23784111,34.47205488,10.94769391,24.67762749,6.681969987,27.13994041,13.82134802,17.28882834,20.00065215,7.458187863,historical,17.22222908
2007,7,36.76476,157.6950411,66.35044616,79.88680685,23.03034156,48.16515442,107.55828,158.6153049,17.67341705,117.0457552,historical,21.39010669
2007,8,171.9384633,109.0032844,109.9362018,92.40108179,57.49224071,34.28080361,46.97809409,150.9396213,79.15765843,98.62465699,historical,113.2807896
2007,9,87.08023451,26.57665387,40.89679682,21.85365381,9.979380543,8.706689704,23.19130466,9.482585767,6.731837765,37.60718778,historical,41.56358065
2007,10,21.2741325,9.282248105,63.89581249,0.220817569,5.729039351,5.259086414,0.429634179,2.738099561,0.932277522,14.01924232,historical,32.29195307
2007,11,10.50286765,5.779251638,28.18162659,24.64944483,13.12290534,28.41115438,6.214984679,27.61018159,0.089794703,3.410918587,historical,10.1391561
2007,12,1.495741151,2.508131375,0.611263949,27.6861139,3.286769417,3.379448848,0.371211021,14.74047995,17.00726023,5.471347857,historical,2.281825941
2008,1,6.187720701,5.379564792,46.40909265,22.44108873,4.921083267,7.446205701,0.050097329,12.47234244,9.148143586,10.38265286,historical,0.037568535
2008,2,10.01231733,0.777790591,8.633169447,0.066778305,4.886521852,3.83267943,0.029568373,4.522947633,11.66380078,1.907802084,historical,0.118976819
2008,3,0.41484577,5.10838677,1.774760013,0.012106614,1.390771673,0.149293004,0.212505301,1.373540184,0.81039414,0.270336946,historical,0.179437019
2008,4,15.74836659,32.52608446,4.137470218,2.885790206,6.771925367,1.035356301,0.51936615,3.664101783,21.46576456,3.337077654,historical,3.394040006
2008,5,2.570984493,21.90805464,9.559537729,4.776454104,5.06851176,19.06626452,5.234550306,7.813427967,30.87650354,13.43284445,historical,63.32417054
2008,6,57.52752501,22.19907691,38.37378963,29.19206851,23.53665125,22.3892574,8.310584087,3.792910207,11.88889928,21.34854987,historical,27.54157223
2008,7,117.6497866,60.32941552,59.80273802,136.4729437,34.72964035,53.31816998,18.15799511,129.1278321,44.25038263,45.97437133,historical,179.3967147
2008,8,177.6113111,109.7576956,60.04867851,48.04101622,89.09286253,35.21516118,75.16178978,29.78125417,45.09847951,100.3770922,historical,206.4617251
2008,9,3.007963867,46.81752299,36.60820859,62.14034593,8.112866354,12.59030398,67.65970255,32.66479782,19.06368665,6.240742347,historical,42.40930234
2008,10,13.87942173,10.86039836,0.170741394,2.140450749,0.021504798,21.47458819,0.692498317,7.167285863,2.44461974,2.742266047,historical,0.098840856
2008,11,1.147258489,6.046952751,2.728542059,0.607279449,1.268759409,15.3389219,0.620702451,0.010976708,2.254542966,12.52151174,historical,0.035618882
2008,12,0.004340533,2.072581624,4.622395008,1.525525196,27.24566427,5.213777884,10.98174468,18.28473614,18.1113458,2.833835509,historical,1.00E-03
2009,1,6.102543266,4.628398992,0.174727584,0.769547728,3.602799947,4.924397934,0.314022041,32.6083889,11.38824548,13.81022892,historical,2.378502066
2009,2,4.811112773,2.027615005,3.368554513,0,1.70402433,1.231130149,0,2.399430049,1.243131727,0.291953821,historical,0.512285025
2009,3,3.107111404,5.362843041,12.58369908,0.267776411,2.682559657,0.621320745,0.297120685,0.040795787,21.14337115,0.138453298,historical,1.996406917
2009,4,20.94762717,14.8946727,74.63525158,0.106217773,31.07822069,4.590979527,3.121691804,8.141822929,23.16652103,17.98786784,historical,5.029568606
2009,5,6.218717359,10.57518624,21.36634507,0.539623592,35.54402291,3.216838595,2.637977463,5.607930929,6.75607402,23.42659573,historical,14.20494963
2009,6,26.17845825,17.02403617,4.701043351,37.50084853,34.99563914,31.11480865,4.933943001,10.87863424,67.20344669,8.488542743,historical,13.52276598
2009,7,35.14336521,101.7032438,36.43932034,34.8589931,128.1222682,44.34379662,128.6980266,23.83575268,159.9485747,37.65894394,historical,64.07252448
2009,8,44.52153585,109.7925689,45.79920302,126.834557,201.1685176,11.44819457,95.28414961,73.91443938,120.8726117,83.49774535,historical,50.13766024
2009,9,16.85292907,14.84229629,6.725569003,7.884958505,18.97353291,16.39680099,14.11621736,28.27095658,12.47766304,4.188958868,historical,18.31153076
2009,10,13.35772859,13.23150312,29.86514036,0.317362809,0.008825621,17.22087099,1.473868386,0.418134367,21.03246442,1.364829963,historical,11.93542977
2009,11,22.4661158,5.520805793,8.545789018,11.67947842,2.538056868,4.552776932,0.368172342,0.018844768,44.82688424,1.072581809,historical,9.484277911
2009,12,5.36570806,2.332044617,8.981658218,21.32599764,0.540307305,14.9107213,1.528273836,6.823217247,30.48532813,2.23278588,historical,16.80336052
2010,1,2.863566571,5.227635161,14.66281244,0.866938684,14.58000585,2.644086023,0.202203543,1.56188793,0.968194371,11.39361155,historical,5.86105942
2010,2,0.122117951,1.4568707,5.063914349,0.208337897,1.13180257,1.055182609,0.005118137,3.57E-04,11.1020757,0.66686531,historical,2.173801356
2010,3,1.600711166,6.207601816,0.017563652,1.780853856,2.393511735,0.10818259,0.245762922,0.163776949,2.244972601,0.076807841,historical,0.314807549
2010,4,3.845478049,30.89132157,8.946859226,7.272059499,19.79967028,18.57708521,2.499512348,2.333801306,0.928433061,13.4794975,historical,8.758562001
2010,5,11.85000144,15.46232667,21.44401098,7.292912724,13.70361529,0.685731657,10.83260382,3.327213505,19.17180529,32.75416278,historical,16.12571806
2010,6,32.00077343,15.13015667,41.65291426,2.20779126,17.5526058,1.443237059,16.92920174,4.395510571,17.08047911,6.274574527,historical,54.84213719
2010,7,169.6750344,103.7406188,68.96165988,28.88536198,72.68089645,46.55615856,26.46456497,48.2373893,73.216997,42.44686521,historical,36.68120802
2010,8,222.6849002,107.5434315,188.0717963,51.55877638,26.46657117,42.3862813,21.708714,67.80700628,81.98378112,278.9654059,historical,39.72576851
2010,9,5.678965761,41.96405324,36.69005121,14.59829467,13.15988847,4.240199344,57.41984607,30.49720847,166.4515742,132.7413102,historical,44.73362315
2010,10,9.21132356,4.867051166,2.192112889,1.343774975,0.012486,20.91291387,0.35730021,5.79E-04,6.64159088,1.889193481,historical,10.20870445
2010,11,10.27270521,5.159566657,0.226958333,1.013533679,0.144243705,4.638935061,1.055086927,0.94016877,0.159529676,4.322917049,historical,2.694456699
2010,12,0.803560137,2.782532694,15.8743102,0.657215457,8.839235032,5.376307091,0.361947646,13.19332336,2.965759201,3.397549519,historical,2.08063897
2011,1,16.17273084,5.61544299,2.948941709,0.94826495,4.350633982,3.763752255,0.220268604,5.073055378,0.37414614,0.188901349,historical,2.985206091
2011,2,5.831307199,0.792974813,1.266169062,0,4.197862751,2.51613252,0,0.601920244,7.759683956,1.696862706,historical,1.095957201
2011,3,0.800003725,8.698481005,6.779089456,0,0.480023403,45.96697123,0.069329958,8.270518864,24.82133197,2.259651883,historical,8.847243553
2011,4,7.159438636,19.60884632,27.39535883,18.81204436,10.36296767,6.263173265,8.757461229,65.08684571,0.729355873,42.07228995,historical,0.068679066
2011,5,16.82186091,22.35746053,7.083784951,3.958342752,17.90631111,10.74455633,0.122753992,8.870030719,10.42687673,15.31189302,historical,24.86247953
2011,6,3.046708877,16.90490715,4.962131077,20.02318339,19.88187528,8.314124354,39.49344868,15.06987247,7.031201301,4.947413466,historical,23.35908058
2011,7,23.69230857,51.90691863,92.65204224,94.60212011,113.1767024,251.7045036,84.36026955,173.8635821,15.41363881,60.61168103,historical,33.01300911
2011,8,137.0170961,92.49497453,122.2737824,106.9328241,84.64325984,14.44833402,39.59739244,221.4099874,46.18869892,62.7923069,historical,93.34278193
2011,9,9.43497464,37.53152794,53.61505611,102.0244804,60.53118451,26.22998614,15.21978994,36.95536448,24.00309202,16.1842786,historical,30.93880128
2011,10,2.577312757,7.800328017,0.510286901,0.418163138,9.537693884,11.82489309,7.132758502,2.097241922,1.02E-04,1.171098272,historical,3.993925423
2011,11,40.48838335,5.446851185,26.12664859,0.68449747,4.876893549,2.078979993,4.876608452,1.057217535,0.280354242,3.454701844,historical,26.35941281
2011,12,12.79589162,2.202513383,67.74516412,0.439298938,5.099642009,6.331646745,0.225518942,13.60074349,7.512241105,23.88865547,historical,6.345165604
2012,1,5.776288889,4.645926794,12.93577546,0.468012037,3.021965488,19.3580392,2.311854637,45.23626969,1.831157696,5.42334072,historical,36.54375369
2012,2,3.671567116,0.797859263,0.485568477,0,5.361312798,4.046542967,0,0.173410917,0,0.001389653,historical,12.61324136
2012,3,1.867603139,5.269500976,2.004383808,0.270309362,0.103343926,2.406774573,0.223806758,1.440513563,2.368595273,17.8776122,historical,2.99551615
2012,4,3.268668069,19.08340939,0.745569989,4.602406565,3.623372624,53.14350443,1.109022744,9.033968157,61.78863534,5.526166454,historical,12.15077395
2012,5,0.638952855,14.66718809,38.83256122,0.761045129,13.36605422,9.885308548,0.94770116,3.566511978,7.172058202,5.901993732,historical,10.71505684
2012,6,14.1172169,28.05496655,21.64744784,3.214737287,10.69526933,31.39872022,24.5474929,6.823136275,87.99805838,33.91010682,historical,17.29058569
2012,7,135.879752,91.75287326,88.277162,81.45348558,7.495007545,106.3632357,78.92780584,90.53150452,102.2573104,21.85076195,historical,145.8627938
2012,8,116.0900066,112.0952178,77.3790379,172.3748414,66.56030396,67.78543634,117.0529475,60.45756137,64.70856192,14.71788581,historical,165.74917
2012,9,42.1948804,26.40708069,47.22473872,22.66085653,20.76732462,25.2930946,59.24318031,3.435430897,27.91569048,53.23926913,historical,81.17170941
2012,10,14.2305864,7.853202758,1.605206974,0.084098038,7.137733029,25.45055126,1.443369606,15.63309162,29.49374535,23.33599679,historical,0.210502086
2012,11,20.59013407,12.32609078,0.621376493,4.844336878,8.145957163,41.30207996,2.505216962,5.784757189,4.370813823,9.327850939,historical,0.464083805
2012,12,1.256680666,3.866504552,5.636807608,10.44845861,14.43882996,17.71769693,13.39846223,0.936649462,12.79390489,1.727096269,historical,17.32456012
2013,1,1.211253544,5.885588707,2.004790642,4.008932494,2.435051898,6.869533573,0.243557703,0.875811528,5.370168898,12.45198494,historical,8.093103825
2013,2,2.829180877,1.400357904,0.936970354,1.32E-04,0.740311657,2.207150439,0,0.227434031,0.944492194,1.641272378,historical,0.533931093
2013,3,4.301112825,6.064856975,0.868292644,0.214791181,3.192610019,2.049924238,0.007812631,1.218114152,0.279171197,1.430572849,historical,0.281249655
2013,4,8.8202505,19.65682555,4.313802184,17.43757007,9.507889982,11.5455007,13.11777577,1.715910076,1.914433975,0.57167863,historical,0.198385228
2013,5,14.30184963,21.65154432,22.12371066,3.679340865,1.04244547,3.755734096,7.662578804,21.12406388,36.15472258,11.36260066,historical,13.86673513
2013,6,71.61786133,15.73794691,27.07221434,42.83875977,9.878825539,10.45706654,3.099099002,70.13262321,32.63511749,50.40131815,historical,19.24948044
2013,7,57.5879463,56.25177334,112.2220899,218.7622458,48.17595059,24.577516,45.17379829,104.1539304,51.01158158,61.73975549,historical,150.5626437
2013,8,94.02570577,120.2039584,160.7367746,62.2891974,75.82088161,76.62777598,96.70615511,43.81948898,81.48175285,82.25985853,historical,134.9481795
2013,9,5.962635224,26.01456807,9.439002204,13.58029038,37.17442657,48.92181928,30.37113732,2.491768705,46.76779402,45.07993256,historical,105.543981
2013,10,5.341903304,18.66592816,0.556065172,0.118774037,2.022525028,0.10493151,0.065588732,9.601251628,1.577994078,0.691728318,historical,2.711903263
2013,11,2.300079067,9.275556,17.33750877,39.30847292,1.459851983,11.33968835,4.236416769,0.002245062,2.918269199,2.693420235,historical,12.10347609
2013,12,20.09846316,2.971315158,3.62259764,5.100855059,0.389848456,4.963539276,7.497624692,33.82675943,12.90119184,3.624417382,historical,38.07067982
2014,1,5.218737759,5.875914598,9.821296915,28.75891539,8.454024637,1.283289013,2.58443345,0.965693029,12.93307239,0.264557719,historical,7.524587779
2014,2,2.933132717,1.49546146,5.39303955,0.015086638,0.044969108,2.725528215,0,9.688486887,0.054908445,2.902740623,historical,0.567032603
2014,3,1.514755745,7.049402522,0.64570207,0.03434246,1.115146046,5.31E-04,0.210233174,0.337945769,0.933280195,0.466924222,historical,2.25096214
2014,4,6.036857706,34.85481294,26.90589389,0.189578317,3.840878003,2.155880865,5.783948334,12.48876821,8.542356467,4.36018258,historical,5.322578721
2014,5,29.28390732,31.17948739,10.73300192,10.11179045,8.253737943,50.15485683,15.70218415,48.61351799,4.703946658,56.90082295,historical,9.835884105
2014,6,25.47844908,13.72754561,9.5494755,18.44187426,9.388205809,7.465966916,6.738637699,10.14755984,18.53157525,7.514174626,historical,49.0394677
2014,7,73.70816378,82.38961058,58.36628156,68.40499482,46.56676127,79.49251903,49.4063734,149.915672,4.592883041,8.35808945,historical,91.33314073
2014,8,91.12681401,107.1562747,208.1789216,217.6424488,59.10827119,163.6628443,54.20885289,55.38850139,17.92224616,84.99044105,historical,115.0386836
2014,9,18.29350202,39.82275878,8.551549848,93.18649263,44.03616698,15.11765036,27.18727927,10.15938218,23.82313287,8.458643406,historical,16.2279405
2014,10,29.33297901,26.7799341,7.943168283,0.018462865,10.93808438,0.186102321,0.991705422,0.010199482,6.238249651,1.649142265,historical,0.690016026
2014,11,11.3798584,8.913674074,24.36725062,0.034088707,0,0.014185675,0.1306221,0.336599254,14.90582045,6.145750803,historical,5.603836392
2014,12,2.102286824,3.512588855,1.579054287,32.38193756,16.62446272,5.122623604,3.081271374,17.64980973,0.566592799,24.60501665,historical,26.60193516
