AEZ,Year,Month,CHIRPS,BCC-CSM2-MR,EC-Earth3,FGOALS-g3,GFDL-CM4,GFDL-ESM4,MIROC-ES2L,MIROC6,MRI-ESM2-0,NESM3,TaiESM1
Moist_Highland,2015,1,6.421487355,4.422332996,0.029889003,0,0,0,0,4.006788987,5.98E-04,0,0
Moist_Lowland,2015,1,2.861489047,0,0,0,0,0,0,0.143213007,0.007755359,0,0
Arid_Lowland,2015,1,7.15227424,37.50930379,0.153018064,0,0,0,0,20.30669033,1.992590304,0,0
Moist_Highland,2015,2,4.300061511,0,0,0,0,0,0,0,0,0,0
Moist_Lowland,2015,2,1.451801432,0,0,0,0,0,0,0,0,0,0
Arid_Lowland,2015,2,3.35959804,0,0,0,0,0,0,0,0,0,0
Moist_Highland,2015,3,18.1181143,0,0,0,0,0,0,0.145210875,0.137568938,0.001480164,0
Moist_Lowland,2015,3,5.366753269,0,0,0,0,0,0,0.007088916,0.023205863,0,0
Arid_Lowland,2015,3,8.084885002,0,0,0,0,0,0,0.086610864,0.02770058,0.006467601,0
Moist_Highland,2015,4,37.99875859,0,0,0,15.14767057,0,0,0,1.530727769,0.144061413,0
Moist_Lowland,2015,4,16.31933362,0,0,0,1.184414112,0,0,0,1.406684643,0.036295715,0
Arid_Lowland,2015,4,20.94053673,0,0,0,3.758731974,0,0,0,0.027074905,0.037115643,0
Moist_Highland,2015,5,55.43634806,60.95088807,0.183987367,0,1.188517476,0,135.4397203,0.003611941,67.76618002,201.8151223,17.63036115
Moist_Lowland,2015,5,41.63796016,14.450287,0.021174327,0,0.3284575,0,41.15997979,0,33.494551,54.58828082,3.137777106
Arid_Lowland,2015,5,28.50112678,8.442056534,0.006976816,0,0.071303845,0,42.38991725,0.00114479,17.94939722,94.01403297,1.739191669
Moist_Highland,2015,6,28.01142098,0.320360775,0.316139246,0,0.131627988,0,5.248526014,0,178.5695456,0,11.26741841
Moist_Lowland,2015,6,34.80276083,0.019732649,0.00145408,0,0.033229346,0,19.58711374,0,184.6212625,0,5.77813628
Arid_Lowland,2015,6,13.98731294,0.375202936,0.110376574,0,0.012059548,0,8.330339782,0,72.37142053,0,2.000821724
Moist_Highland,2015,7,99.97852443,159.4979982,44.12080948,47.74591335,30.52015648,85.85223085,161.6990646,16.59777381,170.6273673,0,6.938026193
Moist_Lowland,2015,7,108.5506477,516.3898158,59.86001268,142.9600052,315.9839635,199.5391507,296.561864,65.06529037,290.480321,0,104.3817214
Arid_Lowland,2015,7,54.50469899,336.4448305,53.95884944,45.754971,62.88086385,29.77562167,127.3822205,26.56942148,131.9982456,0,4.175974442
Moist_Highland,2015,8,135.4453392,0,3.431552407,3.781613524,0.015556963,0,38.68889556,0,0.0131246,675.7241641,0.004341419
Moist_Lowland,2015,8,160.4735218,0,42.60954872,29.68011806,0,0,108.1235895,0,0,814.0938963,0
Arid_Lowland,2015,8,113.7758617,0,0,2.838110593,0.021267353,0,9.542264522,0,0.112397111,519.0701815,0.007409812
Moist_Highland,2015,9,28.95812478,11.27260609,83.49427294,1164.948189,0.450899354,466.6597405,1.001604088,753.5511139,139.1297271,0.373719027,50.58674201
Moist_Lowland,2015,9,119.9644268,28.69881086,6.283909597,345.7247276,0.587889108,63.86648714,11.29215263,434.8619609,295.7870137,0,12.21908878
Arid_Lowland,2015,9,45.39508124,7.47060753,9.830944226,657.0107215,1.524189441,69.24469789,0.252498406,650.5802572,171.3767824,0.703847974,13.02450343
Moist_Highland,2015,10,21.35019439,2.696107259,0.532711606,0.187516439,24.02542106,0.264632751,37.04878678,0.010504706,0,3.514507983,0
Moist_Lowland,2015,10,19.90921449,0.194114971,1.392087293,6.12E-04,97.85067513,1.414189823,369.6072917,8.08E-04,0,46.42652489,0
Arid_Lowland,2015,10,20.07830476,3.760218779,0.512555401,0.490445768,33.85992447,0.014086585,164.9065255,0.01472392,0,9.253170684,0
Moist_Highland,2015,11,11.92489944,0.966682617,0,0,0,0,0,0,2.12236499,0.135814303,0
Moist_Lowland,2015,11,6.78926188,0.465809258,0,0,0,0,0,0,0.01450665,0.311924868,0
Arid_Lowland,2015,11,12.13250642,40.05860252,0,0,0,0,0,0,3.194463717,0.101389009,0
Moist_Highland,2015,12,8.388608907,0,0.485733321,0.008670423,0,0,0,0,0,0.499908607,0
Moist_Lowland,2015,12,2.673235083,0,0.011663729,0,0,0,0,0,0,0,0
Arid_Lowland,2015,12,7.696480849,0,2.867639585,0.02217493,0,0,0,0,0,4.385809618,0
Moist_Highland,2016,1,6.267915136,0,0.337216239,0.23989874,0,0,0,0.012673674,0.70612996,0,0
Moist_Lowland,2016,1,2.803449817,0,0.049930454,0,0,0,0,0,0.007651063,0,0
Arid_Lowland,2016,1,7.010082685,0,0.048565011,0.628396433,0,0,0,0.090656274,1.340455502,0,0
Moist_Highland,2016,2,5.024382135,0,0,0,11.59749428,0,0,0.190407868,0,0,0
Moist_Lowland,2016,2,1.464090352,0,0,0,0.293302012,0,0,0,0,0,0
Arid_Lowland,2016,2,3.490738943,0,6.24E-04,0,2.401113347,0,0,1.46797262,0,0,0
Moist_Highland,2016,3,16.88930544,0.448862022,0,0,0,0,0,0,0,0.064523198,0
Moist_Lowland,2016,3,6.539299599,0,0,0,0,0,0,0,0,0,0
Arid_Lowland,2016,3,8.115357013,1.727398986,0,0,0,0,0,0,0,0.27719224,0
Moist_Highland,2016,4,52.88523627,0,0,0,0,0,0,5.740753566,39.98724076,0,173.7143265
Moist_Lowland,2016,4,21.64447155,0,0,0,0,0,0,7.818527638,42.30916488,0,79.41096381
Arid_Lowland,2016,4,25.28705102,0,0,0,5.07E-05,0,0,1.38655888,8.662166472,0,50.95622604
Moist_Highland,2016,5,51.80003591,0,26.56544782,0,2.529140606,0,5.237847813,188.2013555,7.426376788,0.644303208,0
Moist_Lowland,2016,5,38.10484144,0,164.5297919,0,7.633690242,0,5.526921255,194.9853177,0.561485053,0.144016556,0
Arid_Lowland,2016,5,29.57136225,0,298.5285285,0,20.0371243,2.79E-07,0.284933873,105.8983582,2.432618544,0.303925376,0
Moist_Highland,2016,6,38.95214542,0.11375496,0,2.665737715,2.171059704,0,0,0.815109068,18.96397823,6.768113345,46.02053814
Moist_Lowland,2016,6,59.85480083,6.51E-04,0,30.84416596,0.549177022,0,0,0.05490144,13.09447415,26.26624809,231.8440327
Arid_Lowland,2016,6,20.4167588,0.095956956,0,7.568423153,0.068306931,0,0,1.10814216,16.78022353,6.600975264,26.26605181
Moist_Highland,2016,7,220.1633694,0,3.76579528,148.0856626,1.296813384,22.17212326,33.79283879,104.2126333,23.50970967,3.861823865,378.3255334
Moist_Lowland,2016,7,183.7727584,0,1.255863966,212.6571404,1.538667571,31.97651601,15.74718898,51.08939383,17.40809547,19.60670891,303.7768723
Arid_Lowland,2016,7,122.8071435,0,0.428443026,82.99548404,2.666712004,68.23813203,22.99979059,16.58972525,5.497905652,3.121863005,371.6728427
Moist_Highland,2016,8,118.5694441,107.2682304,0.649155858,868.766425,1243.4146,578.4315222,120.1726662,446.3609885,0,63.90208369,7.96391491
Moist_Lowland,2016,8,139.191547,221.7577105,0.017762531,551.717217,863.14619,562.7934676,104.3162622,345.8939262,0,97.57614932,165.2612773
Arid_Lowland,2016,8,90.22575926,88.71631131,0.375589937,249.1298271,2105.171955,575.0373214,26.63661564,1310.415435,0,13.23281276,57.36611177
Moist_Highland,2016,9,26.31014952,313.6919397,19.97722393,131.3397133,9.583873327,102.5273305,100.3391564,143.1803872,1.902129111,104.2061171,0
Moist_Lowland,2016,9,85.24503209,141.2664022,15.27534946,52.35248285,64.26862909,221.3924402,84.54328206,667.4913887,168.0561026,166.4261961,0
Arid_Lowland,2016,9,38.12842041,110.8535216,6.238404615,46.07921042,14.24410157,188.215032,30.98014569,204.4586279,51.63825781,60.91512163,0
Moist_Highland,2016,10,17.50265379,0,0,0,0,0,1.726377812,2.316118028,0.562198285,0,6.17E-05
Moist_Lowland,2016,10,17.01767494,0,2.571887271,0,0,0,16.97280389,0.595570549,0.245541713,0,0
Arid_Lowland,2016,10,15.14086141,0,1.207133766,0,3.18E-04,0,11.36739608,0.236205584,0.025723893,0,1.07E-04
Moist_Highland,2016,11,9.095556623,0,0,0.019935638,0,0,0,0,0,0.012158969,1.272839279
Moist_Lowland,2016,11,7.569429747,0,0,0,0,0,0,0,0,0,0.013294002
Arid_Lowland,2016,11,9.042216946,0,0,0.101653776,0,0,0,0,0,0.031196393,8.109748568
Moist_Highland,2016,12,3.874317151,0,0,2.037154483,0,0.098357567,0.468430897,3.96E-04,4.683580489,23.78312484,208.6864107
Moist_Lowland,2016,12,0.958825149,0,0,0.994856604,0,0,7.97E-04,0,0.044917601,3.557458778,41.73543724
Arid_Lowland,2016,12,4.415280723,0,0,3.021603562,3.75E-04,0.700546196,2.408103881,7.91E-04,6.505917557,15.41434813,75.42943085
Moist_Highland,2017,1,5.17465382,0,0,0,0,6.17E-04,0,0.013519331,0.440211687,0,15.52810566
Moist_Lowland,2017,1,2.432189576,0,0,0,0,7.83E-05,0,0,0,0,1.227528428
Arid_Lowland,2017,1,6.727259318,0,0,0,0,2.00E-04,0,0.099136498,5.118281999,0,115.1709703
Moist_Highland,2017,2,9.919964327,0,0,0,0,0,0,0.027486851,4.636316237,0,2.620961907
Moist_Lowland,2017,2,2.707963326,0,0,0,0,0,0,0,0,0,0.106849177
Arid_Lowland,2017,2,4.464482339,0,0,0,0,0,0,4.277268378,3.56276928,0,0.380035392
Moist_Highland,2017,3,13.98409617,0.002887372,0,0.875872324,0.012411876,0,0,0,0,0.083373829,10.69805979
Moist_Lowland,2017,3,5.373101028,0,0,0.550295117,0.004106499,0,0,0,0,0.064526574,1.056867078
Arid_Lowland,2017,3,7.549327649,0.004430656,0,0.018569602,0.002437057,0,0,0,0,0.056981944,2.7468479
Moist_Highland,2017,4,44.95592854,0,0,0,0,0.004263679,0,6.21E-04,19.72613511,132.4292075,52.24212195
Moist_Lowland,2017,4,18.58228996,0,0.002711899,0,0,0.046036324,0,1.905382753,17.579378,21.25628895,11.80894444
Arid_Lowland,2017,4,23.41487238,0,3.63E-04,0,0,8.91E-04,0,0.735834284,3.563960496,30.71975703,3.934563792
Moist_Highland,2017,5,98.50883038,0,1.006079927,22.99955156,57.9606709,0.025415141,0,1.86061522,8.72852226,33.15394265,8.954071468
Moist_Lowland,2017,5,63.35790303,2.630293227,0.11708385,21.89396181,9.295018775,0.214539828,0,0.084873197,8.328883906,7.048995442,20.11800607
Arid_Lowland,2017,5,53.63355945,0.95460731,0.037903853,71.23621408,4.176773617,0.001337287,0,3.669514345,1.444166673,5.412112067,3.786139156
Moist_Highland,2017,6,40.17793514,3.615006112,0,2.834076555,22.07499247,0,0.769655496,44.50130015,0.003157514,0,0.292881455
Moist_Lowland,2017,6,73.86995003,0.121449718,0,1.297038162,36.98629571,0,4.364353891,45.27793722,0,0,0.004252675
Arid_Lowland,2017,6,17.06837492,2.478180386,7.26E-05,0.094714201,33.76171215,0,1.733710078,13.16627446,0.012745627,0,0.731129691
Moist_Highland,2017,7,97.73467245,75.61480654,12.16749971,0.778533333,0.698300855,0.10695491,5.611301614,63.20564696,100.869799,22.63768037,0
Moist_Lowland,2017,7,153.584102,192.8532488,1.121181081,2.161575521,0.0602121,0.903367515,5.276218319,152.2274229,254.6785058,122.6664415,8.23457563
Arid_Lowland,2017,7,65.92149318,38.84450529,1.627458184,0.017781771,0.47941705,0.011980201,6.003270507,98.47285412,59.88774547,18.79220313,0.379175688
Moist_Highland,2017,8,162.1145096,1508.752812,534.5356266,18.34001566,817.4023427,9.502832063,234.9707278,1720.36287,18.3301614,205.4360428,0
Moist_Lowland,2017,8,174.1357313,832.1983933,548.690067,25.38391195,1194.727885,11.87211079,312.0948418,1537.943703,5.058741053,246.4867126,0.222630296
Arid_Lowland,2017,8,115.2143724,1417.697445,157.2561015,11.31393857,471.0656336,12.56635906,235.2644358,1974.248565,19.67747599,71.73181571,0
Moist_Highland,2017,9,25.28749373,9.73E-04,82.52163186,4.199940122,58.45674221,0,24.69104934,8.915274574,20.61047769,32.25882694,0.031333157
Moist_Lowland,2017,9,87.76265888,14.10980318,7.399789422,6.540795332,25.903889,6.382509997,124.2622504,0.632504161,137.1506523,14.76096499,2.932067946
Arid_Lowland,2017,9,33.43599174,0.047285322,13.75918885,3.006142256,72.45504427,0.701859417,51.40996718,3.752858893,21.4552983,15.23693116,1.102195981
Moist_Highland,2017,10,30.0856092,0,0,0,0,0.006455832,0.394309798,7.29E-05,0.587277966,28.34769429,0.163194996
Moist_Lowland,2017,10,25.95420251,0,0,0,0,0,0.00262735,1.142890242,0.033016234,13.49109923,2.296524562
Arid_Lowland,2017,10,19.9130999,0,0,0,0,0.007748086,2.617939698,8.79E-05,3.124116262,12.36393262,1.202477797
Moist_Highland,2017,11,10.58410821,19.87301679,0,0,0.195980536,0,0,0,21.8709339,0,0
Moist_Lowland,2017,11,5.524376096,18.21414528,0,0,0,0,0,0,4.902699146,0,0
Arid_Lowland,2017,11,9.738103342,0.900275395,0,0,1.291607891,0,0,0,1.492717589,0,0
Moist_Highland,2017,12,3.744746398,0.154052058,0.403002433,6.502219255,11.79701992,4.734229191,0,0,0,0,5.92E-04
Moist_Lowland,2017,12,0.931562371,0.023612205,0,0.048257524,1.36008741,0.436867286,0,0,0,0,0
Arid_Lowland,2017,12,4.358141023,0.009896044,1.402186589,20.97826986,3.379341795,1.330177788,0,0,0,0,0.001307709
Moist_Highland,2018,1,5.189848382,28.51752394,46.96798547,1.318346579,2.329491941,0,0,0,0,12.14526232,1.73610429
Moist_Lowland,2018,1,2.437828963,9.968608502,0.507551771,0.00757333,0.005188485,0,0,0,0,2.157776011,0.060330408
Arid_Lowland,2018,1,7.435258587,15.77599749,34.76527705,4.289733277,9.653455695,0,0,0,0.014326604,23.71835986,1.710025307
Moist_Highland,2018,2,3.699852517,0,0,0,0,0,0,0,0,0.18045411,0
Moist_Lowland,2018,2,1.335714601,0,0,0,0,0,0,0,0,0.003118706,0
Arid_Lowland,2018,2,3.276432924,0,0,0,0,0,0,0,0,0.15129723,0
Moist_Highland,2018,3,14.44046838,0,6.81E-04,0,0,0,0,8.14E-04,0,0,3.766644656
Moist_Lowland,2018,3,5.61961308,0,0.007452405,0,0,0,0,0,0,0,0.367425166
Arid_Lowland,2018,3,7.665773806,0,0,0,0,0,0,0.001241011,0,0,1.07882174
Moist_Highland,2018,4,50.90869251,7.760513073,37.89346496,0,0,0,55.80337802,0.087018007,0,0,0
Moist_Lowland,2018,4,16.91124154,26.39100064,28.36105114,0,0,0,19.17657113,0,0,0,0
Arid_Lowland,2018,4,25.69075992,7.282261822,1.697117652,0,0,0,13.86150075,0.617600145,0,0,0
Moist_Highland,2018,5,24.98137528,0.315045109,0.339646682,88.74869295,0,0,0,0,0.03367442,16.80744258,0
Moist_Lowland,2018,5,26.30041661,0.002040526,2.693147638,42.51836746,0,0,0,0,9.672911594,4.525447405,0
Arid_Lowland,2018,5,22.67072943,0.366587998,0,135.6544373,0,0,0,0,42.04788361,2.606635751,0
Moist_Highland,2018,6,49.36945195,0.018754626,3.31E-04,0.584419886,171.3003729,0.011737981,0.284965372,2.047472839,8.525100437,0,0.001265408
Moist_Lowland,2018,6,88.87292925,1.161769032,0.025069085,0.002536948,226.9245044,0.90329902,3.304703148,0.444295504,15.10088397,0,0
Arid_Lowland,2018,6,35.85391517,0.341837632,0,0.868289343,126.5170597,2.31E-04,0.057682966,0.484646621,6.54874857,0,0.002915446
Moist_Highland,2018,7,164.3519164,2.094771721,1.6565045,239.7608911,0.124813678,0.142273329,21.74240511,5.932907565,29.13476181,8.767150128,28.78395139
Moist_Lowland,2018,7,154.0147855,0.064860289,5.069631523,401.6096298,0.01570454,0,103.940887,77.59499935,16.16320405,0.29935878,167.3729771
Arid_Lowland,2018,7,106.7766417,7.486861522,2.20921894,164.521967,0.039155048,0.088195099,36.67173321,9.988866387,4.154041507,98.61022357,106.9159808
Moist_Highland,2018,8,132.7611205,4.289081467,122.9098127,86.25360216,0,108.8030474,20.12635469,0.07901537,0.087325595,282.8214251,4.182056495
Moist_Lowland,2018,8,181.4685777,8.014218077,32.33669412,101.7856277,0.535828352,50.19544316,21.37885216,7.491889898,0,299.5422652,1.006553474
Arid_Lowland,2018,8,110.6486262,0.848859895,10.91200216,27.02999376,0,73.78162516,8.270252723,0,0.043359124,233.908779,17.61366108
Moist_Highland,2018,9,29.8739307,33.65187809,60.94816212,10.32135713,0.103502533,0.124780396,41.03286117,36.7426149,387.4411371,395.7306898,2.416252383
Moist_Lowland,2018,9,93.72767234,3.721191884,306.1953174,67.30391621,0,140.595276,157.1654844,13.54197474,388.2384026,349.1148419,31.20075166
Arid_Lowland,2018,9,40.63208995,3.920671495,96.59939515,18.16970782,0.070836237,37.84528378,143.083813,2.712446079,400.4929076,273.1977607,9.397574407
Moist_Highland,2018,10,37.07626353,0,57.15688809,0,0,11.84773808,1.054729261,1.13E-04,0.128301261,1.140774096,0.519591467
Moist_Lowland,2018,10,31.47661197,0,317.0539951,0,0,170.052179,9.265486549,0.371659739,0.020539873,31.3907058,0.015953682
Arid_Lowland,2018,10,33.26150559,0,177.9597878,0,0,60.45573302,0.224307563,0.926666773,0.020486833,3.607849003,0.193834139
Moist_Highland,2018,11,31.26365473,0,21.99978507,0.014282791,187.3098022,10.63888142,0,3.18E-05,0,0.172781558,0
Moist_Lowland,2018,11,14.90365532,0,8.580605186,0,68.25545709,2.844246377,0,0,0,0.038544804,0
Arid_Lowland,2018,11,17.71514696,0,2.948312627,0.035023104,15.30607099,41.37665665,0,1.07E-04,0,1.533373574,0
Moist_Highland,2018,12,3.939739933,3.080132071,0,0.34362243,0.003143421,0,0.431326125,0,0,2.409069607,0
Moist_Lowland,2018,12,1.060547818,0,0,0,0,0,7.38E-04,0,0,0.026575529,0
Arid_Lowland,2018,12,4.398200781,28.66140601,0,0.884836691,0.006020757,0,2.205506649,0,0,22.90806712,0
Moist_Highland,2019,1,6.385291468,148.0204047,0.471835547,3.497707692,0,0,0,0,2.610412051,4.508204987,0
Moist_Lowland,2019,1,2.598693675,19.83296307,0.424478108,0.195521575,0,0,0,0,0,0.152926652,0
Arid_Lowland,2019,1,7.691363889,55.60760593,8.803313831,1.398813187,0,5.36E-07,0,0,26.00249895,21.21697243,0
Moist_Highland,2019,2,5.666560883,0,1.199113695,0,0.09522255,0,0,0.01576261,5.330753172,0,0
Moist_Lowland,2019,2,1.712339661,0,0,0,0.001822217,0,0,0,0.174333862,0,0
Arid_Lowland,2019,2,3.768508275,0,2.616414449,0,0.322287147,0,0,0.100510059,1.878699155,0,0
Moist_Highland,2019,3,15.51673909,0,15.77412346,0,0,0,0,0,0,5.585353886,0
Moist_Lowland,2019,3,4.652630633,0,1.57978944,0,0,0,0,0,0,4.574679916,0
Arid_Lowland,2019,3,7.733474801,0,0.821822742,0,0,0,0,0,0,1.381946739,0
Moist_Highland,2019,4,33.76314877,0.282594283,0,10.52398476,132.3866586,132.9671291,12.76979772,59.40962079,0.068982582,0,0
Moist_Lowland,2019,4,13.06342793,0.738954054,0,9.107224607,17.89616298,16.25022804,8.929837128,11.48784928,20.3421514,0,0
Arid_Lowland,2019,4,18.38744647,0.001292325,0,3.331869318,20.18886374,24.09491117,0.611942603,4.3631435,11.1532436,0,0
Moist_Highland,2019,5,98.39627034,0.00401572,6.7837875,2.380564233,0,1.878424574,93.0682596,0,0,2.741895881,56.73300437
Moist_Lowland,2019,5,48.01259455,0,0.790527806,3.194654116,0,0.465265539,29.23784663,0,0,2.18118718,85.70313039
Arid_Lowland,2019,5,50.65997743,0.030581996,0.255377131,0.051018341,0,0.173865607,27.92969241,0,0,0.925238608,6.535909932
Moist_Highland,2019,6,40.04293249,5.53E-04,0.091442804,3.337806247,46.44295889,0,27.62917436,0,0,2.129564315,2.500646126
Moist_Lowland,2019,6,105.9718408,0,1.94E-04,11.39902105,133.1612898,0,27.16915398,0,0,0.550378729,71.04435735
Arid_Lowland,2019,6,38.65937323,2.00E-04,0.030704977,0.069043112,89.85320651,0,8.858262896,0,0,2.042415137,3.601703949
Moist_Highland,2019,7,121.0349005,54.07033445,0,0.476758886,0.013946063,6.796292157,402.6045087,11.03422203,0.982530353,150.9590368,339.2985992
Moist_Lowland,2019,7,148.520516,85.8180251,17.27504727,9.100687479,0,46.38840238,407.3217332,45.34244809,13.15145361,54.31638422,421.7167614
Arid_Lowland,2019,7,78.9955547,3.992912731,0.002427236,0.108199302,0.365775425,78.07651642,242.99286,10.72327772,4.365264404,22.0488337,212.6028799
Moist_Highland,2019,8,173.2260847,0,331.4317435,18.48008118,17.9485091,0,167.1441575,4.838413033,103.0167652,0,2.54E-04
Moist_Lowland,2019,8,181.3134212,0,304.2206773,2.407410897,61.7322743,0,154.7449194,9.347936854,89.71834918,0,15.37457489
Arid_Lowland,2019,8,131.7890912,0,196.0416718,59.67628107,2.539535337,0,47.90991056,0.29720224,143.0325553,0,5.76E-04
Moist_Highland,2019,9,54.50635859,20.25002178,38.01871036,229.3316058,26.60792104,0.756140031,0.101696251,4.895159681,53.49851696,248.7534195,0
Moist_Lowland,2019,9,165.4045066,69.70867629,111.9586292,203.5491226,136.6784912,13.2786594,1.145805203,6.675293447,180.4142739,306.451838,0
Arid_Lowland,2019,9,67.92303496,26.68657955,72.50399634,96.94877825,50.3083751,0.84054528,0.025379469,10.50382252,53.68256208,53.82654077,0
Moist_Highland,2019,10,30.83559725,0,0.007961638,0,0.021143792,0,0,0,0,0,0.011172455
Moist_Lowland,2019,10,52.0978408,0,0.014412426,11.83138107,0,0,0,0,0.704322678,0,0
Arid_Lowland,2019,10,31.55307636,0,2.98E-04,0.159543564,0.014496053,0,0,0,0.008089775,0,0.025645189
Moist_Highland,2019,11,33.11101329,2.92E-06,0,0,0,0,0,0,0,0.230361241,0.004922162
Moist_Lowland,2019,11,17.83444351,0,0,0,0,0,0,0,3.703299144,0.050434938,0
Arid_Lowland,2019,11,14.27432906,1.57E-06,0,0,0,0,0,0,0.001842197,0.024819993,0.010089242
Moist_Highland,2019,12,4.712465032,0,0,38.05465667,0,1.426711403,0,0,0,58.71817402,7.928335385
Moist_Lowland,2019,12,1.151606088,0,0,3.849540711,0,0.19732215,0,0,0,9.9936388,0
Arid_Lowland,2019,12,4.728591025,0,0,9.69165622,1.03E-05,0.134500804,0,0,0.005127901,14.23456872,62.91279462
Moist_Highland,2020,1,7.148719901,330.1257446,0,0,0,0.389984243,12.97224966,0.049603536,0.00973466,0,0
Moist_Lowland,2020,1,3.107893955,16.81622971,0,0,0,0.098564295,1.2031539,0,0.009698386,0,0
Arid_Lowland,2020,1,7.222017244,124.1780671,0,0,0,0.363792066,8.539018485,0.422468806,1.74E-05,0,0
Moist_Highland,2020,2,4.624953668,0,0,0,0,0,0,0,0,0,3.14E-04
Moist_Lowland,2020,2,1.427287878,0,0,0,0,0,0,0,0,0,0
Arid_Lowland,2020,2,3.592078379,0,0,0,0,0,0,0,0,0,7.08E-04
Moist_Highland,2020,3,9.182882384,4.10E-05,0,0,0,0,0,0.021897956,0,0,1.508970352
Moist_Lowland,2020,3,3.498793881,0,4.62E-04,0,0,0,0,0.072716641,0,0,0.095643353
Arid_Lowland,2020,3,6.485982888,4.00E-04,0,0,0,0,0,0,0,0,2.102254252
Moist_Highland,2020,4,92.89609928,119.4712429,0,0,0.990839238,1.841814901,0,0,0,101.3924605,0
Moist_Lowland,2020,4,38.17161527,116.2941138,0,0,1.682270661,1.015101812,0,0,0,24.69290005,0
Arid_Lowland,2020,4,31.97550904,27.18215021,0,0,0.050378896,1.108414098,0,0,0,21.44876229,0
Moist_Highland,2020,5,66.67348593,43.92369822,9.84E-05,34.80557192,0,0.041966506,0,0,0.124993069,0.056979746,0.044935853
Moist_Lowland,2020,5,32.44297347,25.02207669,0.001280931,27.56233846,0,0.003128436,0,0,0.186101852,0.007063444,0.001762096
Arid_Lowland,2020,5,32.33587861,49.74240426,0,21.93466295,0,0.006779194,0,0,5.49E-04,0.160400088,0.032347982
Moist_Highland,2020,6,34.3526795,0,0,0,0.134133311,0.174420766,13.18500252,133.5458007,0.001695188,4.738736406,30.90387307
Moist_Lowland,2020,6,86.31813299,0,0,0,0.422681494,4.566805265,12.32600494,152.6938598,0,17.53062542,394.8428191
Arid_Lowland,2020,6,24.27456629,0,0,0,0.827056744,1.245653321,5.976246514,196.3448013,0.030293884,5.010800376,31.68054859
Moist_Highland,2020,7,185.001965,0.815946844,18.74782073,128.829275,0.073748865,15.27250844,9.041947797,8.09E-05,8.363147699,11.44887995,5.111936311
Moist_Lowland,2020,7,149.640467,0,4.244051617,186.1829946,0,3.413832022,7.091944458,0,31.62789334,4.828647708,185.0129053
Arid_Lowland,2020,7,105.0503901,6.420243275,2.124739556,77.68981651,0.036901529,0.707661206,0.347648238,0.007006034,10.03784658,2.695381759,10.1241332
Moist_Highland,2020,8,145.4230958,69.56005406,169.9313985,149.3314941,363.3083829,0.081271858,340.7244857,113.1114735,1.668206959,237.596841,9.98E-04
Moist_Lowland,2020,8,192.9763723,16.10640745,152.8075181,207.2194338,121.4098995,0,226.8588083,555.4978793,0.01183379,397.2436697,0
Arid_Lowland,2020,8,128.4567837,2.634698237,34.81679467,92.15600861,40.97792188,0.706833652,141.6918309,78.33944927,1.161133812,172.579791,0.002267861
Moist_Highland,2020,9,25.6848632,6.67918861,51.03650246,53.16497542,125.4061133,1025.989754,5.964152292,2.591614043,36.40657404,58.88809155,751.813108
Moist_Lowland,2020,9,105.5209564,183.880682,376.5562546,113.6791321,22.7619146,978.5765124,9.004635001,1.317234271,27.03673319,101.6265754,456.0209465
Arid_Lowland,2020,9,44.09936644,154.5339591,91.21561924,26.02146032,18.71575814,301.1494753,0.389428337,1.284230511,32.42741124,30.3280696,96.70446517
Moist_Highland,2020,10,8.521270523,130.4899604,0,0.295781772,5.86E-04,5.99E-04,0.12848347,0,0,74.17182468,0.001658898
Moist_Lowland,2020,10,9.845951965,230.0192355,0,3.967718314,0.572718268,3.318231885,0.226858764,0.002068165,0,60.80365157,0
Arid_Lowland,2020,10,9.055863623,84.42660248,0,0.867663627,0.011103748,0,0.006593599,0.005274446,0,27.09753725,0.00773253
Moist_Highland,2020,11,12.33665478,0.276403643,0,0.270972662,0,0,0,0,0.096304812,6.067101917,0.004484179
Moist_Lowland,2020,11,5.658274481,0,0,0,0,0,0,0,0.019857838,0.924100943,0
Arid_Lowland,2020,11,11.35263577,1.890600101,0,0.665482086,0,0,0,0,0.004600609,2.762703706,0.011839724
Moist_Highland,2020,12,5.355390216,0.307241554,0,3.968565988,0.721864408,2.120758276,0,11.16299086,0.040378661,112.3100626,0.002226776
Moist_Lowland,2020,12,1.426597223,0.002495083,0,0.025902151,0,0.560632524,0,1.5603765,0,13.5051523,0
Arid_Lowland,2020,12,5.069141218,1.680583562,0,10.30480198,4.943576719,0.191343882,0,38.18926558,1.03137576,128.6289686,0.004924964
Moist_Highland,2021,1,6.310237177,0,0.781556085,0,0,129.512328,0,1.88E-04,0,0,0
Moist_Lowland,2021,1,2.726576097,0,0,0,0,8.611860743,0,0,0,0,0
Arid_Lowland,2021,1,7.049820246,0,7.826769494,0,0,27.71542641,0,2.92E-04,0,0,0
Moist_Highland,2021,2,4.294902955,0,0,0,0,0,0.467475185,0,3.914558251,0,0
Moist_Lowland,2021,2,1.42316452,0,0,0,0,0,3.80E-04,0,0.034756645,0,0
Arid_Lowland,2021,2,3.36906736,0,0,0,0,0,2.581029313,0,7.870690404,0,0
Moist_Highland,2021,3,15.6197069,0,0,2.989190134,0,0.031398523,0,0,0,0.581064982,0
Moist_Lowland,2021,3,5.533892513,0,0,1.878055393,0,0.012611556,0,0,0,0.512091821,0
Arid_Lowland,2021,3,7.870969869,0,0,0.063374614,0,0.002225212,0,0,0,0.052674314,0
Moist_Highland,2021,4,45.29364776,2.649484529,0,0,0,0,0,0,0,3.068315412,0.402460644
Moist_Lowland,2021,4,17.05400318,3.60882221,0,0,0,0,0,0,0,6.352048419,0.020452244
Arid_Lowland,2021,4,25.01428772,0.010973715,0,0,0,0,0,0,0,1.5914212,0.096349441
Moist_Highland,2021,5,42.08799234,0.521675139,67.43196544,7.516683176,0.001407215,17.09643825,80.94458165,0.051171997,37.09258802,33.89499169,6.409657412
Moist_Lowland,2021,5,27.67230937,0.705222937,4.285820556,8.431597681,0.011596034,19.55128987,27.03925428,0.018222739,17.72423813,38.60458418,2.029059946
Arid_Lowland,2021,5,25.50554793,4.062556323,10.90301102,0.223051512,0.735304602,0.883213233,24.20961419,0.002320423,33.83098735,13.6255574,0.597020859
Moist_Highland,2021,6,26.97187114,4.379186951,0,0,5.134361414,20.46297396,1.089578964,11.07731121,9.515484605,0.11355438,1.769418686
Moist_Lowland,2021,6,72.37703576,6.519189507,0,0,2.284725346,55.76283453,4.088183909,2.18700835,23.38131024,0.011166988,0.323979219
Arid_Lowland,2021,6,27.48698686,0.066888309,0,0,2.51627286,16.36239749,0.07959284,7.548230114,8.815801534,0.371976657,2.847200836
Moist_Highland,2021,7,186.3111946,2689.897506,128.8955726,77.30729332,217.5031342,11.59971114,1981.65983,12.0461109,12.72083174,97.77350163,0.147899301
Moist_Lowland,2021,7,170.8692937,1835.778068,8.034154864,74.79126856,56.33520575,0.223339384,1665.614257,4.962102942,46.1787298,246.7923861,0.591436519
Arid_Lowland,2021,7,109.0577502,1318.132089,44.23277493,63.76757846,22.53345539,4.837422628,997.1278496,0.757525466,16.79444903,49.1312338,0.018285669
Moist_Highland,2021,8,91.88409978,144.2935548,202.9636019,27.13713821,2.364239597,21.22925433,24.71408598,0.381404611,0.192297212,321.2590053,8.793394661
Moist_Lowland,2021,8,156.9225087,41.74805696,81.28646457,10.60263031,0,3.257482163,46.03669076,0.22183509,0,464.0189558,40.98299558
Arid_Lowland,2021,8,99.44781635,24.58195605,96.30846985,1.615193129,1.547524643,14.42196769,17.75425803,0.04415971,0.094438995,304.296646,52.04345609
Moist_Highland,2021,9,32.40766996,0,0.002697067,2.686115712,0.002010488,1.791360931,0.368961278,1.46032318,111.2560441,47.16297009,2.38215338
Moist_Lowland,2021,9,115.9945026,5.875508952,137.052068,2.245676751,137.0837302,7.487695675,0.009801128,84.4227598,201.0576096,210.3155048,46.50907114
Arid_Lowland,2021,9,45.5405685,0.9302199,15.147863,3.914110576,7.344461974,22.30941543,3.858543483,31.27535972,36.00565318,33.17758361,3.805409324
Moist_Highland,2021,10,30.39150445,0.005953759,3.318802504,0,3.702309582,0,0.101197047,0.028573575,1.835590041,0,20.72412762
Moist_Lowland,2021,10,29.17005819,0,0.264642248,0,0.798409124,0,3.176383345,0.013172669,0.392828511,0,5.086302164
Arid_Lowland,2021,10,19.59859103,0.075428984,0.136305338,0,0.197076436,0,0.072466811,0.04591766,0.06305631,0,3.147381971
Moist_Highland,2021,11,13.03241927,0,0.020193411,0.963888351,0,0,0.1286031,0,0.066565537,0.061114304,9.17E-04
Moist_Lowland,2021,11,8.183672187,0,0,0.005383394,0,7.95E-04,0.379761368,0,0,0.53309796,0
Arid_Lowland,2021,11,8.870194077,0,0.302926305,2.37640543,0,0,0.00232654,0,0.642471079,0.054762161,0.001879765
Moist_Highland,2021,12,5.844194602,0,0,5.895721284,7.178803851,12.14231925,0.515876802,0,7.245968458,1.151920165,0.006436997
Moist_Lowland,2021,12,1.416958035,0,0,0.221876069,0.878327593,0.031652243,8.83E-04,0,0.039614008,0,0
Arid_Lowland,2021,12,5.05318763,0,0,14.61386057,54.80730013,77.96713585,2.637840981,0,10.80980701,11.07882341,0.013416465
Moist_Highland,2022,1,7.781497213,0,0,0,0.004079805,0,1.226472623,0,0.004226243,12.51188218,0
Moist_Lowland,2022,1,3.308733526,0,0,0,0,0,0.001322297,0,0,3.307263995,0
Arid_Lowland,2022,1,7.796459811,0,0,0,0.006405656,0,7.169520617,0,0.002265588,4.265288921,0
Moist_Highland,2022,2,4.590720562,10.23213078,0,0,0,0,0,0,0.669456783,0,0
Moist_Lowland,2022,2,1.383964098,0.170688374,0,0,0,0,0,0,0,0,0
Arid_Lowland,2022,2,3.542938885,20.05604982,0,0,0,0,0,0,4.415704641,0,0
Moist_Highland,2022,3,14.29034361,0,0,0,0,0,0,0,0.085507197,0,0
Moist_Lowland,2022,3,4.931678465,0,0,0,0,0,0,0,0,0,0
Arid_Lowland,2022,3,7.362140121,0,0,0,0,1.47E-06,0,0,0.481934585,0,0
Moist_Highland,2022,4,42.23893929,0,0.455821191,0,0,0,0,0,24.8962205,0,0
Moist_Lowland,2022,4,20.13892295,0,0,0,0,0,0,0,3.029158253,0,0
Arid_Lowland,2022,4,23.22094124,0,0.138506542,0,0,0,0,0,2.060606317,0,0
Moist_Highland,2022,5,21.79883203,2.305704212,0.001422254,0,0,144.445043,0.25628802,0,6.417229834,0,1.557944235
Moist_Lowland,2022,5,13.52568818,33.54459381,0,0,0,148.0627475,1.098416843,0,0.725246804,0,0
Arid_Lowland,2022,5,15.12540118,10.80134234,0.012576037,0,0,54.46797198,0.023107562,0,0.569496903,0,6.276811988
Moist_Highland,2022,6,34.78904094,0,0,13.80006005,11.91991103,0,0.287240972,0,0.709007632,0,0
Moist_Lowland,2022,6,94.78625848,0,0.450609117,23.48170314,7.660957161,0,0.001415572,0,0.003566919,0,0
Arid_Lowland,2022,6,29.00531149,0,6.15E-05,0.882845622,2.192944698,0,1.210178126,0,1.446819608,0,0.007690473
Moist_Highland,2022,7,186.4360418,0,0,124.6109805,0.003444299,40.73684748,365.9721831,83.07925189,0.264852576,86.3486731,0.540623903
Moist_Lowland,2022,7,193.1551942,0,21.27413264,39.49483888,0.641816208,39.32916179,365.0444671,14.30844678,0.860189896,20.62960239,1.856141855
Arid_Lowland,2022,7,102.0151214,0,0.050128819,25.05723144,0,17.72382246,194.75855,26.30847051,0.738632481,26.77818991,10.80658183
Moist_Highland,2022,8,178.018366,33.02226623,193.4584686,132.2944282,110.4477634,712.1111701,448.5973891,534.7737786,0,1114.95758,478.6525844
Moist_Lowland,2022,8,178.9318026,43.48673585,164.6771949,60.56003209,176.322855,497.2000973,379.6551953,462.5213733,2.882620249,329.2071987,285.2333426
Arid_Lowland,2022,8,155.4786186,83.02008852,37.89987148,19.15801903,75.41730112,236.8818907,192.7676773,90.68985638,0.034328987,442.9935083,291.0063572
Moist_Highland,2022,9,21.32755168,184.2245853,5.130573158,0.587846791,2346.575632,0.024443008,43.16504765,400.3763994,6.565017339,64.50541694,9.938245247
Moist_Lowland,2022,9,78.73111362,304.7282598,0.150973035,19.8606988,1688.992634,0,92.39900515,315.3802869,85.44828876,79.28961224,173.0033774
Arid_Lowland,2022,9,31.33446456,120.0443021,2.064146065,6.660283387,1381.19661,0.274350549,46.17906818,288.1349829,30.17560664,18.79123699,66.00547631
Moist_Highland,2022,10,23.16471686,1.316038163,0,3.406587315,0.00550009,0,0,0,0,39.2018373,0.015255304
Moist_Lowland,2022,10,21.24556063,9.758696241,0,0.840265399,0,0,0,0,0,129.7780568,0
Arid_Lowland,2022,10,20.45079787,8.221383152,0,1.353372201,0.004177195,0,0,0,0,16.01548957,0.032303817
Moist_Highland,2022,11,13.31627387,44.80836262,0,0,0,24.63194842,4.463152709,0.625740942,0,0,0
Moist_Lowland,2022,11,8.47386012,55.22835304,0,0,0,3.908886862,2.211960528,0,0,0,0
Arid_Lowland,2022,11,11.4416502,28.56162941,0,0,0,6.086488753,0.273254955,4.647582017,0,0,0
Moist_Highland,2022,12,5.079369219,1.447826747,11.16945307,0.052322056,0,0.03070231,0,0,0,2.46E-05,1.477519452
Moist_Lowland,2022,12,1.209326966,0.008710993,4.694166737,0,0,0,0,0,0,0,0
Arid_Lowland,2022,12,4.9578413,4.946364011,2.605204302,0.133815613,0,0.402096249,0,0,0,2.09E-05,10.20240219
Moist_Highland,2023,1,6.895287173,0,0,0,0.058657857,159.4161634,0.370861317,0,0,0.005422421,5.536310835
Moist_Lowland,2023,1,3.203652059,0,0,0,0,15.79396692,0,0,0,0,0.991653272
Arid_Lowland,2023,1,7.443826364,0,0,0,0.086309249,27.13089777,0.337440806,0,0,0.005656325,0.606050758
Moist_Highland,2023,2,4.247627687,0,0,0,0.007262801,0,0,0.426819251,0,0,171.5922898
Moist_Lowland,2023,2,1.3675459,0,0,0,0,0,0,0.004993452,0,0,5.825631201
Arid_Lowland,2023,2,3.369680176,0,0,0,0.011756252,0,0,0.062705299,0,0,38.54497269
Moist_Highland,2023,3,16.9356734,0,2.363713482,0,0,0,0,0,2.880562658,0,0
Moist_Lowland,2023,3,6.20158616,0,0.060820005,0,0,0,0,0,3.206269863,0,0
Arid_Lowland,2023,3,8.03575262,0,1.7472714,0,0,0,0,0,0.00245582,0,0
Moist_Highland,2023,4,48.91224682,0,22.56153301,0,0,4.050708437,2.909742264,0,0,0,0.349867168
Moist_Lowland,2023,4,18.15189619,0,2.769631904,0,0,0,4.765683431,0,0,0,0.017681912
Arid_Lowland,2023,4,22.93423604,0,1.037217256,0,0,15.24150302,0.169540923,0,0,0,0.088062829
Moist_Highland,2023,5,60.93699037,0,0,789.6717845,0,0,5.361020577,10.5147014,0,1.335062527,0.104817713
Moist_Lowland,2023,5,29.62914195,0,0,504.0837722,0.03895324,0.006890728,2.30651022,13.43779907,0,0.294171833,0.005005343
Arid_Lowland,2023,5,31.62499402,0,0,563.7367577,0,6.47E-04,0.276222977,2.450612742,0,0.472562408,0.026732275
Moist_Highland,2023,6,58.63775917,139.0792015,0,0,0.013786749,0,31.83147115,0,8.26E-04,19.26854705,105.4824746
Moist_Lowland,2023,6,106.6312775,228.9285891,0,48.04513334,0.176319098,0.002640062,22.62018202,0,0,31.54406843,63.36441574
Arid_Lowland,2023,6,43.92696179,55.1614337,0,13.61857152,0.207830777,0,12.17325863,0,8.35E-04,7.800285712,39.44118564
Moist_Highland,2023,7,117.7639103,0.195140943,750.2306903,75.92494434,300.395188,0.386535255,323.3531257,0.404003424,16.75065658,6.989096861,0.6651604
Moist_Lowland,2023,7,157.3248787,23.97670748,173.4584659,76.41231087,572.2468854,5.558651714,330.368511,3.795815217,19.94906717,33.00453962,33.36850896
Arid_Lowland,2023,7,68.99075394,5.098684274,134.7914463,20.01069082,269.4216368,1.204796685,130.3475535,2.248939029,1.074471764,4.113144281,8.353422621
Moist_Highland,2023,8,130.4161985,0,55.53581592,346.1525628,21.57864246,5.050764364,27.28742802,6.157781831,0.016129336,2.90272183,2.423260815
Moist_Lowland,2023,8,145.6307605,0,165.8248574,649.7358349,1.442583401,0.110302126,42.32829193,28.54691055,0,8.679755858,61.04557334
Arid_Lowland,2023,8,120.9268412,0,6.367348808,219.6896623,7.311567868,2.518472055,1.604640689,72.52543105,0.025574023,5.401145663,10.00343379
Moist_Highland,2023,9,16.79848141,82.26145276,69.01501224,221.4692341,23.05812935,8.494952541,1.926244375,0.039502032,96.57212946,0.288281856,0
Moist_Lowland,2023,9,88.13178795,434.4048092,11.25447167,120.8610153,7.437137076,1.606650605,2.708749018,0,120.82,1.245712026,0
Arid_Lowland,2023,9,31.71982317,229.7462215,13.04726556,163.6906652,1.876111967,0.777677477,7.802625525,0.016491823,52.12862312,0.771585687,0.250058046
Moist_Highland,2023,10,27.9446667,0.925658503,7.298509522,1.911210578,0,3.585159958,0.621527456,2.562918266,0,0.624819336,2.335125313
Moist_Lowland,2023,10,26.03859015,33.54367245,52.3641687,0.00624253,0,0.771923546,0.981562194,73.34516248,35.56225944,0,66.64948373
Arid_Lowland,2023,10,26.07001405,1.17025472,6.096045466,4.998735729,0.001710757,0.244941373,0.031920128,91.63235925,3.16517175,8.127905423,25.21651891
Moist_Highland,2023,11,24.76884904,0,0,0,0,0,0,0.08105876,2.822765367,257.2438273,0.051600568
Moist_Lowland,2023,11,16.67380164,0,0,0,0,0,0,0.024190434,0.224018623,66.25707416,0
Arid_Lowland,2023,11,19.83743363,0,0,0,0,0,0,0.033591518,0.588396986,42.52561897,0.404497417
Moist_Highland,2023,12,5.065547327,0.185472551,0,0.464138115,0.098219422,1.858688435,0,77.02596043,0,0,1.298889985
Moist_Lowland,2023,12,1.164072452,0,0,0.004586121,0,0,0,16.1668463,0,0,0
Arid_Lowland,2023,12,5.220719295,0.303116711,0,2.42948893,0.191087856,18.11539135,0,111.1248338,0,0,10.19030615
Moist_Highland,2024,1,7.164402417,30.32096148,0,0,2.291749477,0,0,0,0,0,0.863205867
Moist_Lowland,2024,1,2.823035066,4.277640373,0,0,0,0,0,0,0,0,0.616000342
Arid_Lowland,2024,1,8.81304668,2.832714082,0,0,24.86033064,0,0,0,0,0,0.190320971
Moist_Highland,2024,2,4.604656003,0.886608812,0,0,0,0,0,0,0.011162128,1.512859119,0.213203891
Moist_Lowland,2024,2,1.458688473,0.01624819,0,0,0,0,0,0,0,0.021667936,0
Arid_Lowland,2024,2,3.819828413,0.114531788,0,0,3.53E-04,0,0,0,0.019572317,5.010733169,1.786159507
Moist_Highland,2024,3,20.35244098,0.013128219,6.113880536,0,31.21381418,0,0,0.143204786,0,0,0.794760927
Moist_Lowland,2024,3,7.038733195,0,0.101727145,0,5.052825914,0,0,0.04466578,0,0,0.273392087
Arid_Lowland,2024,3,9.813322627,0.080038785,2.854780865,0,1.933689553,0,0,0.00735824,0,0,0.029200155
Moist_Highland,2024,4,29.83649371,0.020970923,0,0,0,0,0,10.71491582,0,0,0
Moist_Lowland,2024,4,11.62999553,0,0,0,0,0,0,2.77755229,0,0,0
Arid_Lowland,2024,4,19.77699387,0.32530588,0,0,0,0,0,1.011220568,0,0,0
Moist_Highland,2024,5,46.90853795,0.21366178,238.6868723,1.771390952,0,0,0,0,0,0.473087398,0.139025985
Moist_Lowland,2024,5,22.20490677,0.001367575,61.87545147,2.408218951,0.007282567,0,0,0,0,4.79992913,0.019126973
Arid_Lowland,2024,5,26.08201352,0.205588313,240.2202615,0.037969427,0.010230147,0,0,0,0,0.898783978,0.707453312
Moist_Highland,2024,6,60.40047998,29.07307245,0,0,0,0.002340261,0.446582113,14.90528651,0.069862431,1.136671216,13.96936729
Moist_Lowland,2024,6,151.5438632,10.70548302,1.01386075,11.67675247,0,0,5.168096177,3.800298933,21.23031872,0,2.998421163
Arid_Lowland,2024,6,46.31684499,17.51979788,0.564132873,0.126294513,0,0.001348948,0.090147811,3.286442617,3.714838873,0.335902151,12.56588029
Moist_Highland,2024,7,151.6997213,391.0392545,528.3573817,11.60023217,14.410378,6.059380417,18.5552918,28.2513597,61.9104612,59.40992973,24.50405689
Moist_Lowland,2024,7,131.9082778,147.1914094,402.9220674,33.77264948,102.8933756,0.441861072,20.86017018,34.30968505,95.34823606,319.5521359,15.04292811
Arid_Lowland,2024,7,93.40130742,33.36422557,76.76231957,0.287273428,4.938675878,2.674992638,4.178603719,51.66672299,39.70812999,49.012422,7.170489796
Moist_Highland,2024,8,295.8040815,379.5566761,1632.016955,297.674318,353.1692,7.528875581,658.3526521,1.276596826,0,4.167655019,23.3425347
Moist_Lowland,2024,8,219.1491428,128.2464308,396.5916497,417.9522453,71.63493504,25.18036668,434.2668651,3.462141449,0,17.21227634,447.524231
Arid_Lowland,2024,8,221.1771797,96.20710258,538.9586989,181.3043181,32.51540047,17.82893049,296.5594619,1.637287325,0,19.22676027,80.86057144
Moist_Highland,2024,9,26.01245939,284.8910169,66.31486883,63.117913,653.3757797,0.002990785,222.0668557,733.9142731,217.0933221,271.1841245,1404.277937
Moist_Lowland,2024,9,95.54058278,527.1672944,88.78297939,94.26963989,840.5476402,38.42833054,296.0276494,437.6422234,329.3216088,191.0715186,776.1440007
Arid_Lowland,2024,9,44.52178325,387.6105743,127.3209672,16.54280723,585.841278,1.937434499,261.5575257,720.7191427,244.1082543,177.9999273,642.7995192
Moist_Highland,2024,10,30.49799949,0,0,0.285700982,3.453133241,0,0,0.096254984,0,0,0
Moist_Lowland,2024,10,30.98947943,26.83031878,0.098674846,8.69E-04,40.88711016,0,0,0.468066932,0,0,0
Arid_Lowland,2024,10,25.82931155,0.079760397,0,0.786635623,11.15647888,5.90E-04,0,2.224381207,0,0,0
Moist_Highland,2024,11,22.69346717,0,7.799618616,3.96789155,0,0,0,4.55797985,0,2.251670225,0
Moist_Lowland,2024,11,13.19316332,0,2.268754574,0.290077206,0,0,0,0.465542318,0,0.375622173,0
Arid_Lowland,2024,11,12.9130554,0,33.60532848,19.56377247,0,0,0,2.634856411,0,4.766777132,0
Moist_Highland,2024,12,4.23389733,0.056270044,0,339.7617203,0,2.090490874,0,0,0,0,0
Moist_Lowland,2024,12,1.047384841,0,0,171.7399072,0,0.267035229,0,0,0,0,0
Arid_Lowland,2024,12,4.499679234,0.09028722,0,277.1998151,0,0.308871621,0,0,0,0,0
Moist_Highland,2025,1,5.437983446,0.306932567,0,1.98189451,0,5.246330556,0,0,15.36480791,0.014148442,0
Moist_Lowland,2025,1,2.514068917,0,0,0.013829635,0,0,0,0,0.119085194,0.013445467,0
Arid_Lowland,2025,1,6.749293727,0.746677344,0,6.747112508,0,34.5836577,0,0,45.95877949,0.003562832,0
Moist_Highland,2025,2,4.59898376,0,0.738707097,0.32880375,10.57137915,1.721079067,0,0.017571832,0,1.555690323,0
Moist_Lowland,2025,2,1.593447473,0,0.011403541,0.002552677,0.230741843,0,0,0,0,0.010535453,0
Arid_Lowland,2025,2,3.510656291,0,0.072797188,1.195041596,2.548800305,11.92481049,0,0.114135013,0,0.961948934,0
Moist_Highland,2025,3,23.20164832,0,0,0,0,0,0,0,0,0,0
Moist_Lowland,2025,3,6.599986912,0,0,0,0,0,0,0,0,0,0
Arid_Lowland,2025,3,9.391266738,0,0,0,0,0,0,0,0,0,0
Moist_Highland,2025,4,36.0349562,1.094370596,0,4.588825633,0,0,12.03379994,21.87017836,0,179.2322569,0
Moist_Lowland,2025,4,15.38485973,0.004625546,0,1.037160394,0,0,5.284399646,47.45964466,0,76.99479652,0
Arid_Lowland,2025,4,20.1872009,3.609802512,0,0.279680801,0,0,0.655812376,8.338709408,0,43.32704638,0
Moist_Highland,2025,5,66.40479536,0,0,20.46253327,7.161885969,338.1000215,8.429900333,4.353546606,6.090603016,0,0
Moist_Lowland,2025,5,35.83933396,0,0,33.33451114,16.59280004,345.8820504,4.508149852,0.243062532,8.998590332,0,0
Arid_Lowland,2025,5,36.50599389,0,0,0.523552505,0.645131397,508.8833545,0.411463424,1.536068366,0.007237669,0,1.15E-04
Moist_Highland,2025,6,23.96106669,34.28687702,474.8447634,0.616180428,3.16E-04,0,0,0.005956498,51.88350475,0.180337879,7.655070667
Moist_Lowland,2025,6,29.54017039,4.421179419,442.4956442,0.002674819,0,0,4.94E-04,0,52.27656932,0.023946855,0.828566276
Arid_Lowland,2025,6,12.78224104,21.86534522,217.2588834,0.915476857,3.65E-04,0,1.52E-04,0.044763279,44.89668613,0.474263209,8.166075466
Moist_Highland,2025,7,136.7331421,0,52.41105662,90.11081744,84.23984491,30.66454505,13.76032213,1.49E-05,31.02318863,1.77746428,803.0126309
Moist_Lowland,2025,7,149.2291529,14.37610256,518.2184355,129.471637,21.31872862,128.6197345,29.07333536,22.88959233,46.98144982,9.632871766,532.683791
Arid_Lowland,2025,7,83.51655909,0.038055265,516.494036,54.88574362,5.845520763,8.793421792,10.78012014,3.768019324,7.544701036,0.862801603,366.3010995
Moist_Highland,2025,8,204.51733,0,4.723989913,4.075530161,0.003427574,0.337319295,409.9466176,3.074087534,91.2534816,0,0.058782479
Moist_Lowland,2025,8,185.1865597,0,1.287296954,147.9009954,35.22423618,22.72495856,386.5316147,69.2369862,24.50720823,0,0
Arid_Lowland,2025,8,153.2735893,0.00254243,17.29373722,46.94598339,35.95165698,1.648915967,254.6561786,21.97813868,67.75059904,0,0.658418593
Moist_Highland,2025,9,45.66585,23.16827255,7.562084733,32.50190846,9.549598145,0.015109477,237.1180668,0.003927974,9.669649095,73.69541303,301.468038
Moist_Lowland,2025,9,137.3872252,3.130411714,2.447781433,22.74280916,255.3197464,0,404.1483987,0,3.69438636,220.7717828,142.4910054
Arid_Lowland,2025,9,62.20750873,5.733806709,2.353104586,15.39234903,66.79465852,0.116771072,208.3571409,0.004613038,2.111111597,123.9056329,85.6615173
Moist_Highland,2025,10,16.60072044,0,0,0.112568915,53.0755831,38.23284434,0.316888916,0,0,18.07327736,0.157302347
Moist_Lowland,2025,10,22.47933694,0,0,0.797842679,9.231139005,262.7503455,0.006904982,0,0,120.0420843,0.004028436
Arid_Lowland,2025,10,13.42023448,0,0,0.005740827,16.20961096,58.15425235,2.107177761,0,0,19.04318611,0.20199212
Moist_Highland,2025,11,17.99721491,0.073955989,278.9667775,0.199310649,0,61.76531934,0,0,0,4.48E-04,0
Moist_Lowland,2025,11,10.14568714,6.11E-04,124.9069527,0.001116044,0,73.66682808,0,0,0,0,0
Arid_Lowland,2025,11,10.43668331,0.092511889,243.5767601,0.490038098,0,76.88445136,0,0,0,0.003596782,0
Moist_Highland,2025,12,3.846428257,0,6.956817749,0,0,0.245312969,0.460179692,0,0,26.47110697,6.31E-05
Moist_Lowland,2025,12,0.955820527,0,0.509185175,0,0,0,0.001520149,0,0,17.60676734,1.42E-04
Arid_Lowland,2025,12,4.577006754,0,0.969173,0,0,3.682350738,3.564416039,0,0,53.87988381,3.12E-06
